-- Proyecto DSS 404 - SQL de referencia
-- Contiene las tablas principales y datos creados por php artisan migrate:fresh --seed.
-- Formato SQLite. Para el proyecto Laravel, lo recomendado es usar migraciones y seeders.

PRAGMA foreign_keys=OFF;
BEGIN TRANSACTION;

DROP TABLE IF EXISTS "usuarios";
CREATE TABLE "usuarios" ("id" integer primary key autoincrement not null, "nombre" varchar not null, "apellido" varchar not null, "email" varchar not null, "password" varchar not null, "telefono" varchar, "calle" varchar, "ciudad" varchar, "estado_dir" varchar, "codigo_postal" varchar, "rol" integer not null default '1', "estado" integer not null default '1', "email_verificado_en" datetime, "created_at" datetime, "updated_at" datetime, "deleted_at" datetime);

INSERT INTO "usuarios" ("id", "nombre", "apellido", "email", "password", "telefono", "calle", "ciudad", "estado_dir", "codigo_postal", "rol", "estado", "email_verificado_en", "created_at", "updated_at", "deleted_at") VALUES (1, 'Administrador', 'Principal', 'admin@tienda.com', '$2y$12$XI6/HT1glXYdc8SLoFrhD.iClIdknVLZEJDk1KoEQGbFUKkZWK186', NULL, NULL, NULL, NULL, NULL, 3, 1, NULL, '2026-05-21 18:00:04', '2026-05-21 18:00:04', NULL);
INSERT INTO "usuarios" ("id", "nombre", "apellido", "email", "password", "telefono", "calle", "ciudad", "estado_dir", "codigo_postal", "rol", "estado", "email_verificado_en", "created_at", "updated_at", "deleted_at") VALUES (2, 'Carlos', 'Barrientos', 'fpolanco@example.net', '$2y$12$QtwwaLV2XdnogavVuSBFhOhbiFr/6RDBQcLg7bKNn/t2iVlwRe4uW', '7104-2799', 'Carrer Chávez, 6, 1º D', 'A Izquierdo', 'León', '01999', 1, 1, '2008-05-30 05:53:41', '2026-05-21 18:00:12', '2026-05-21 18:00:12', NULL);
INSERT INTO "usuarios" ("id", "nombre", "apellido", "email", "password", "telefono", "calle", "ciudad", "estado_dir", "codigo_postal", "rol", "estado", "email_verificado_en", "created_at", "updated_at", "deleted_at") VALUES (3, 'Aina', 'Tafoya', 'carmen02@example.net', '$2y$12$Guj0PE4tAkNedn62Ex9y..T1E1Tax3ZkmNrGDUdFRpQWpOhd5YbeC', '7150-9866', 'Avenida Pastor, 1, Ático 0º', 'Sola de San Pedro', 'Badajoz', '75149', 1, 1, '1989-12-07 09:10:03', '2026-05-21 18:00:13', '2026-05-21 18:00:13', NULL);
INSERT INTO "usuarios" ("id", "nombre", "apellido", "email", "password", "telefono", "calle", "ciudad", "estado_dir", "codigo_postal", "rol", "estado", "email_verificado_en", "created_at", "updated_at", "deleted_at") VALUES (4, 'Daniela', 'Bañuelos', 'manuela.feliciano@example.net', '$2y$12$E4QIBxZ.QcaeNPfWcyXi/en3E4AjQ4LN1ZrlY3qwOzcM1eNegf8JG', '7232-9071', 'Praza Silva, 269, 20º D', 'Los Marín del Mirador', 'Ceuta', '02119', 1, 1, '1982-07-24 21:33:05', '2026-05-21 18:00:13', '2026-05-21 18:00:13', NULL);
INSERT INTO "usuarios" ("id", "nombre", "apellido", "email", "password", "telefono", "calle", "ciudad", "estado_dir", "codigo_postal", "rol", "estado", "email_verificado_en", "created_at", "updated_at", "deleted_at") VALUES (5, 'Lara', 'Villa', 'unai.sancho@example.com', '$2y$12$I4pOZQpJgRyTVT7/Xnq/S.BDgx1jP2N5nEhXBP.27Q0/TFodVo8hm', '7953-1631', 'Camiño Carolina, 443, 9º 8º', 'L'' Miramontes de Ulla', 'Palencia', '53064', 1, 1, '2020-09-03 23:26:56', '2026-05-21 18:00:13', '2026-05-21 18:00:13', NULL);
INSERT INTO "usuarios" ("id", "nombre", "apellido", "email", "password", "telefono", "calle", "ciudad", "estado_dir", "codigo_postal", "rol", "estado", "email_verificado_en", "created_at", "updated_at", "deleted_at") VALUES (6, 'Nicolás', 'Martí', 'alexia18@example.org', '$2y$12$eZbrW7xi7KZZyIzvOzEU3.tnYBMJJWTHKyu9qLZLqrJRvJK8AB8tW', '7156-2381', 'Travesía Fajardo, 408, 1º E', 'A Farías del Penedès', 'Lugo', '29169', 1, 1, NULL, '2026-05-21 18:00:13', '2026-05-21 18:00:13', NULL);
INSERT INTO "usuarios" ("id", "nombre", "apellido", "email", "password", "telefono", "calle", "ciudad", "estado_dir", "codigo_postal", "rol", "estado", "email_verificado_en", "created_at", "updated_at", "deleted_at") VALUES (7, 'Rayan', 'Perea', 'wurias@example.net', '$2y$12$OS9ovtxn5kre.KCRSSlvUecAwEQnl6Ok1UT5UQLlsup9dI6.4TvDO', '7341-3036', 'Camiño Alexia, 5, 23º 7º', 'Barrios Alta', 'Castellón', '60436', 1, 1, '1985-08-28 04:14:56', '2026-05-21 18:00:13', '2026-05-21 18:00:13', NULL);
INSERT INTO "usuarios" ("id", "nombre", "apellido", "email", "password", "telefono", "calle", "ciudad", "estado_dir", "codigo_postal", "rol", "estado", "email_verificado_en", "created_at", "updated_at", "deleted_at") VALUES (8, 'José Antonio', 'Deleón', 'aaron84@example.net', '$2y$12$2I5Aj3Ll30riS.0tEo/SCewPNpryTb9oKYO.znhGg8wn/48f56b0q', '7589-2049', 'Camiño Hernández, 6, Entre suelo 4º', 'Estévez de Arriba', 'Soria', '59449', 1, 1, NULL, '2026-05-21 18:00:13', '2026-05-21 18:00:13', NULL);
INSERT INTO "usuarios" ("id", "nombre", "apellido", "email", "password", "telefono", "calle", "ciudad", "estado_dir", "codigo_postal", "rol", "estado", "email_verificado_en", "created_at", "updated_at", "deleted_at") VALUES (9, 'Lucía', 'Chapa', 'cordero.mario@example.com', '$2y$12$agyhR0w/axNWKdA6UdYWiObNo/n5wJekCnUV6G.VEe5v/wfzMXdOu', '7250-9725', 'Ronda Naiara, 30, 78º A', 'La Chávez', 'Vizcaya', '57182', 1, 0, '1986-01-29 11:24:24', '2026-05-21 18:00:13', '2026-05-21 18:00:13', NULL);
INSERT INTO "usuarios" ("id", "nombre", "apellido", "email", "password", "telefono", "calle", "ciudad", "estado_dir", "codigo_postal", "rol", "estado", "email_verificado_en", "created_at", "updated_at", "deleted_at") VALUES (10, 'César', 'Peláez', 'ruben.haro@example.com', '$2y$12$m3kWbBEMTVYW2xNWOb/xxuHcDUjvE4ivWoIy6aEXqg5SXn.oK2EGy', '7487-0110', 'Ronda Ainhoa, 39, 2º E', 'Vall Preciado de Arriba', 'Huesca', '63033', 1, 0, '2009-12-06 17:41:50', '2026-05-21 18:00:13', '2026-05-21 18:00:13', NULL);
INSERT INTO "usuarios" ("id", "nombre", "apellido", "email", "password", "telefono", "calle", "ciudad", "estado_dir", "codigo_postal", "rol", "estado", "email_verificado_en", "created_at", "updated_at", "deleted_at") VALUES (11, 'María Pilar', 'Sandoval', 'mara25@example.com', '$2y$12$IPBG049Wqo8leTk8hqYmnuCTWhCcl07JBD23AzEFYSKkMnQt9k8iO', '7314-4818', 'Ruela Benavídez, 8, 02º E', 'Arribas del Penedès', 'Santa Cruz de Tenerife', '51053', 1, 0, '1981-02-08 01:09:34', '2026-05-21 18:00:13', '2026-05-21 18:00:13', NULL);
INSERT INTO "usuarios" ("id", "nombre", "apellido", "email", "password", "telefono", "calle", "ciudad", "estado_dir", "codigo_postal", "rol", "estado", "email_verificado_en", "created_at", "updated_at", "deleted_at") VALUES (12, 'Vega', 'Santos', 'echevarria.ursula@example.com', '$2y$12$Pr22ceq7foPMi.YSk9.4S.oRfT8YNo5NNoKUtwU7L.OCJNwO0igLG', '7863-4794', 'Plaça Ignacio, 37, Entre suelo 2º', 'San Miguel', 'Cantabria', '17072', 1, 1, '2008-01-07 04:44:55', '2026-05-21 18:00:13', '2026-05-21 18:00:13', NULL);
INSERT INTO "usuarios" ("id", "nombre", "apellido", "email", "password", "telefono", "calle", "ciudad", "estado_dir", "codigo_postal", "rol", "estado", "email_verificado_en", "created_at", "updated_at", "deleted_at") VALUES (13, 'Claudia', 'Hurtado', 'lazaro.noa@example.org', '$2y$12$YxT38ms2cWoMOBaTlIG78upsuL9YYjgAAdV0hAfBByv1t/w7bt5oO', '7248-8042', 'Plaza Dario, 9, 4º 3º', 'L'' Garza de San Pedro', 'Cantabria', '35416', 1, 1, '1975-08-01 10:20:29', '2026-05-21 18:00:13', '2026-05-21 18:00:13', NULL);
INSERT INTO "usuarios" ("id", "nombre", "apellido", "email", "password", "telefono", "calle", "ciudad", "estado_dir", "codigo_postal", "rol", "estado", "email_verificado_en", "created_at", "updated_at", "deleted_at") VALUES (14, 'Antonio', 'Arroyo', 'dgutierrez@example.org', '$2y$12$NSKFWLC2QjuB7iqI6sMw1e.6mBQwH1o68zmcFpQIkNlrUFH1V6czC', '7472-4962', 'Ruela Izan, 131, 46º F', 'San Vargas de Lemos', 'Cuenca', '02039', 1, 0, '2005-11-18 09:34:10', '2026-05-21 18:00:13', '2026-05-21 18:00:13', NULL);
INSERT INTO "usuarios" ("id", "nombre", "apellido", "email", "password", "telefono", "calle", "ciudad", "estado_dir", "codigo_postal", "rol", "estado", "email_verificado_en", "created_at", "updated_at", "deleted_at") VALUES (15, 'Lucas', 'Mendoza', 'omarroquin@example.com', '$2y$12$rkeTBKeCp52kQWuAO./bCeN5D3tL7vOuEErTX1sUFxkDZTARWTuay', '7351-2716', 'Passeig Navarro, 3, 4º D', 'As Lorenzo', 'Cáceres', '25252', 1, 0, '2023-12-22 23:53:12', '2026-05-21 18:00:13', '2026-05-21 18:00:13', NULL);
INSERT INTO "usuarios" ("id", "nombre", "apellido", "email", "password", "telefono", "calle", "ciudad", "estado_dir", "codigo_postal", "rol", "estado", "email_verificado_en", "created_at", "updated_at", "deleted_at") VALUES (16, 'Marco', 'Alcántar', 'aitor87@example.com', '$2y$12$wcaX3fHSIIZqyPOJ1n52qerE/EWa7H/onNAzibtKeuhmI9D9Tk48i', '7350-0716', 'Avinguda Oliver, 3, 8º', 'Badillo Baja', 'Madrid', '56249', 1, 1, '2012-05-12 03:52:01', '2026-05-21 18:00:13', '2026-05-21 18:00:13', NULL);
INSERT INTO "usuarios" ("id", "nombre", "apellido", "email", "password", "telefono", "calle", "ciudad", "estado_dir", "codigo_postal", "rol", "estado", "email_verificado_en", "created_at", "updated_at", "deleted_at") VALUES (17, 'Santiago', 'Márquez', 'rodrigo30@example.com', '$2y$12$kcVsbKYvEWzN3QPZodhK7elNiw9mUdUeA0eGvByXooqEde9aQyXeq', '7111-9153', 'Camiño Carrión, 20, 0º D', 'A Méndez', 'Lleida', '95065', 1, 1, '2000-07-17 19:58:15', '2026-05-21 18:00:13', '2026-05-21 18:00:13', NULL);
INSERT INTO "usuarios" ("id", "nombre", "apellido", "email", "password", "telefono", "calle", "ciudad", "estado_dir", "codigo_postal", "rol", "estado", "email_verificado_en", "created_at", "updated_at", "deleted_at") VALUES (18, 'Óscar', 'Carretero', 'hsolis@example.com', '$2y$12$ibph/gPIOfVbwRzqIpELiO0Oe./Q33JOQmqBBkh6tAiw1IKoXmJR6', '7518-6489', 'Plaza Gloria, 241, 1º', 'L'' Duran', 'Guadalajara', '96942', 1, 1, '2015-09-01 19:22:40', '2026-05-21 18:00:13', '2026-05-21 18:00:13', NULL);
INSERT INTO "usuarios" ("id", "nombre", "apellido", "email", "password", "telefono", "calle", "ciudad", "estado_dir", "codigo_postal", "rol", "estado", "email_verificado_en", "created_at", "updated_at", "deleted_at") VALUES (19, 'Alba', 'Terrazas', 'nadia68@example.com', '$2y$12$qgFsh.hD8FyfsxCzLToz0e5RsvJAHDFdtn09OEh63ySW6GMV3eXNW', '7213-2823', 'Avinguda Peres, 889, 5º', 'Tafoya del Pozo', 'Lugo', '17303', 1, 0, '1993-12-21 09:42:14', '2026-05-21 18:00:13', '2026-05-21 18:00:13', NULL);
INSERT INTO "usuarios" ("id", "nombre", "apellido", "email", "password", "telefono", "calle", "ciudad", "estado_dir", "codigo_postal", "rol", "estado", "email_verificado_en", "created_at", "updated_at", "deleted_at") VALUES (20, 'Sara', 'Reséndez', 'zesquibel@example.com', '$2y$12$WqvnwgNl.lkscEBFvZq7KuwfKHdAt23MYoiVrj/wVnRj7kM.l4rNm', '7579-0330', 'Travesía Naranjo, 960, 94º E', 'Calvillo Baja', 'Pontevedra', '35005', 1, 1, '2021-07-01 22:12:25', '2026-05-21 18:00:13', '2026-05-21 18:00:13', NULL);
INSERT INTO "usuarios" ("id", "nombre", "apellido", "email", "password", "telefono", "calle", "ciudad", "estado_dir", "codigo_postal", "rol", "estado", "email_verificado_en", "created_at", "updated_at", "deleted_at") VALUES (21, 'Luisa', 'Batista', 'ines29@example.org', '$2y$12$YON7k/4oq0EJHP1C1Fats.uAWH.iNvzIC53LZW1gJSIWN5vGE6FKO', '7646-8740', 'Praza Sedillo, 801, 7º 6º', 'As Atencio Medio', 'Cádiz', '65766', 1, 1, '1972-01-03 22:42:53', '2026-05-21 18:00:13', '2026-05-21 18:00:13', NULL);
INSERT INTO "usuarios" ("id", "nombre", "apellido", "email", "password", "telefono", "calle", "ciudad", "estado_dir", "codigo_postal", "rol", "estado", "email_verificado_en", "created_at", "updated_at", "deleted_at") VALUES (22, 'Mateo', 'Botello', 'antonio.ochoa@example.org', '$2y$12$PRBWEUH.4Cbuuzwd1iqTWOd9kGO.MqMskllQGP8ZG4b3uUhhaUybm', '7489-2645', 'Travessera Griego, 641, Ático 1º', 'A Delgadillo', 'León', '86707', 1, 1, '1991-07-14 14:43:15', '2026-05-21 18:00:13', '2026-05-21 18:00:13', NULL);
INSERT INTO "usuarios" ("id", "nombre", "apellido", "email", "password", "telefono", "calle", "ciudad", "estado_dir", "codigo_postal", "rol", "estado", "email_verificado_en", "created_at", "updated_at", "deleted_at") VALUES (23, 'Mateo', 'Plaza', 'lara.valeria@example.net', '$2y$12$foL9VNW5YnDGs.EZlFcb2eYyfZMLrR2TUTxL7fDRVxx.YRaTIZYDO', '7427-3003', 'Travessera Oriol, 6, 54º F', 'As Rascón Alta', 'Huesca', '08530', 1, 1, '1989-12-10 22:02:48', '2026-05-21 18:00:13', '2026-05-21 18:00:13', NULL);
INSERT INTO "usuarios" ("id", "nombre", "apellido", "email", "password", "telefono", "calle", "ciudad", "estado_dir", "codigo_postal", "rol", "estado", "email_verificado_en", "created_at", "updated_at", "deleted_at") VALUES (24, 'Izan', 'Jiménez', 'hfont@example.org', '$2y$12$dBxJEoYeT6wULz7qkpq7TucihXaE8Fjwow3lgH0DgLlGLlp70f9.a', '7214-1565', 'Praza Esquivel, 9, 49º E', 'Vall Cantú', 'Cuenca', '11358', 1, 1, '1984-09-25 21:53:08', '2026-05-21 18:00:13', '2026-05-21 18:00:13', NULL);
INSERT INTO "usuarios" ("id", "nombre", "apellido", "email", "password", "telefono", "calle", "ciudad", "estado_dir", "codigo_postal", "rol", "estado", "email_verificado_en", "created_at", "updated_at", "deleted_at") VALUES (25, 'Juan', 'Alba', 'cuevas.miguelangel@example.com', '$2y$12$x4BAcwWI.TC4TwJSLCkKpOQwhVQKlgSlnLktSBEpqiMEFz2stQWc6', '7223-6750', 'Avenida Silvia, 306, 1º', 'Villa Andreu', 'Guipuzkoa', '74265', 1, 0, '2000-02-11 13:23:23', '2026-05-21 18:00:13', '2026-05-21 18:00:13', NULL);
INSERT INTO "usuarios" ("id", "nombre", "apellido", "email", "password", "telefono", "calle", "ciudad", "estado_dir", "codigo_postal", "rol", "estado", "email_verificado_en", "created_at", "updated_at", "deleted_at") VALUES (26, 'Marc', 'Rascón', 'andres25@example.net', '$2y$12$mrphBOE6WLXMwxLUuELhtOolrnrJinbgGJaStnsv8dWV9xE0nyfmi', '7799-3058', 'Rúa Eric, 50, 26º 0º', 'San Puig', 'A Coruña', '97312', 1, 1, '1985-04-16 15:38:07', '2026-05-21 18:00:13', '2026-05-21 18:00:13', NULL);
INSERT INTO "usuarios" ("id", "nombre", "apellido", "email", "password", "telefono", "calle", "ciudad", "estado_dir", "codigo_postal", "rol", "estado", "email_verificado_en", "created_at", "updated_at", "deleted_at") VALUES (27, 'Nayara', 'Orosco', 'vera62@example.org', '$2y$12$icLwgrhXm.22VTVs0Lo9k.mUeOo7MYRND4YuyuXU8Gth.KVkJiaeu', '7793-6339', 'Plaza Miriam, 28, Entre suelo 2º', 'Nájera Alta', 'Córdoba', '27694', 1, 1, '2015-02-24 16:23:33', '2026-05-21 18:00:13', '2026-05-21 18:00:13', NULL);
INSERT INTO "usuarios" ("id", "nombre", "apellido", "email", "password", "telefono", "calle", "ciudad", "estado_dir", "codigo_postal", "rol", "estado", "email_verificado_en", "created_at", "updated_at", "deleted_at") VALUES (28, 'Margarita', 'Haro', 'ortiz.rafael@example.com', '$2y$12$rsSKzFTsYF2J/2ZztGBIaelbn34EnUYtMn8XGnpzVONcm.xWsczte', '7142-3539', 'Avinguda Escribano, 1, Ático 4º', 'A Alvarado del Puerto', 'Burgos', '47556', 1, 1, '2008-01-13 16:37:43', '2026-05-21 18:00:13', '2026-05-21 18:00:13', NULL);
INSERT INTO "usuarios" ("id", "nombre", "apellido", "email", "password", "telefono", "calle", "ciudad", "estado_dir", "codigo_postal", "rol", "estado", "email_verificado_en", "created_at", "updated_at", "deleted_at") VALUES (29, 'Pol', 'Munguía', 'yago21@example.net', '$2y$12$49arrjES.HR4bHOQuAuFa.N.OMWa.yszFMKooTDpJJelRjIhIFZDm', '7780-0035', 'Avenida Aitor, 25, 78º C', 'La Miramontes del Vallès', 'Toledo', '17902', 1, 1, '2017-06-29 14:06:56', '2026-05-21 18:00:13', '2026-05-21 18:00:13', NULL);
INSERT INTO "usuarios" ("id", "nombre", "apellido", "email", "password", "telefono", "calle", "ciudad", "estado_dir", "codigo_postal", "rol", "estado", "email_verificado_en", "created_at", "updated_at", "deleted_at") VALUES (30, 'José', 'Serra', 'lomeli.jordi@example.org', '$2y$12$u/2vpxIKbcs2picLQe5E0.YcfmyWY3RDu9nkOxPQcZiyKrznIOEre', '7094-9663', 'Camino Cuenca, 918, Entre suelo 5º', 'La Amador', 'Jaén', '61729', 1, 1, '1970-04-23 03:27:06', '2026-05-21 18:00:13', '2026-05-21 18:00:13', NULL);
INSERT INTO "usuarios" ("id", "nombre", "apellido", "email", "password", "telefono", "calle", "ciudad", "estado_dir", "codigo_postal", "rol", "estado", "email_verificado_en", "created_at", "updated_at", "deleted_at") VALUES (31, 'Mireia', 'Saldivar', 'ignacio76@example.com', '$2y$12$bfbUNmGg6x7sI5rEZyXH5e5YPZsaKlN5SnwOVh6nl6J4wYI00Z/Yu', '7061-9369', 'Paseo Rosa, 36, 90º B', 'Navarrete del Bages', 'Murcia', '27645', 1, 1, '1977-08-19 05:35:09', '2026-05-21 18:00:13', '2026-05-21 18:00:13', NULL);
INSERT INTO "usuarios" ("id", "nombre", "apellido", "email", "password", "telefono", "calle", "ciudad", "estado_dir", "codigo_postal", "rol", "estado", "email_verificado_en", "created_at", "updated_at", "deleted_at") VALUES (32, 'Ana', 'Casas', 'rios.yolanda@example.net', '$2y$12$PbVT.F/FLPenStLxwQ5UMuJoEJfx617YnKlimMhzBxpya6pJrokfS', '7853-6237', 'Plaza Naia, 6, 93º 1º', 'San Gurule del Pozo', 'Segovia', '06967', 1, 0, NULL, '2026-05-21 18:00:13', '2026-05-21 18:00:13', NULL);
INSERT INTO "usuarios" ("id", "nombre", "apellido", "email", "password", "telefono", "calle", "ciudad", "estado_dir", "codigo_postal", "rol", "estado", "email_verificado_en", "created_at", "updated_at", "deleted_at") VALUES (33, 'Asier', 'Polo', 'aleix.sanchez@example.com', '$2y$12$bAd6duxIO2Sbs4g3bXljIOQ4vtmoXbCVrxq1suh2OJGcClMPVZM3a', '7657-2874', 'Paseo Ander, 399, 86º E', 'El Varela', 'Cádiz', '67182', 1, 0, '2022-08-31 21:15:07', '2026-05-21 18:00:13', '2026-05-21 18:00:13', NULL);
INSERT INTO "usuarios" ("id", "nombre", "apellido", "email", "password", "telefono", "calle", "ciudad", "estado_dir", "codigo_postal", "rol", "estado", "email_verificado_en", "created_at", "updated_at", "deleted_at") VALUES (34, 'Juana', 'Meza', 'lacosta@example.net', '$2y$12$eNEzF2eLYA5vbwk1pJWNkO5hpxIgCk5j7t59Bin11i6exkh5mXOE.', '7378-0886', 'Camino Ángeles, 339, 96º E', 'El Barroso de Lemos', 'Santa Cruz de Tenerife', '55491', 1, 1, NULL, '2026-05-21 18:00:13', '2026-05-21 18:00:13', NULL);
INSERT INTO "usuarios" ("id", "nombre", "apellido", "email", "password", "telefono", "calle", "ciudad", "estado_dir", "codigo_postal", "rol", "estado", "email_verificado_en", "created_at", "updated_at", "deleted_at") VALUES (35, 'Ainhoa', 'Figueroa', 'andres.roig@example.net', '$2y$12$2DhoohOrg2/OpYdVqMt29eSXIjxAZrCwoWulgPz3qT7Q4noaHsEPq', '7895-3331', 'Avenida Marina, 9, 9º D', 'Arias del Bages', 'Segovia', '63652', 1, 1, '2017-03-20 07:28:01', '2026-05-21 18:00:13', '2026-05-21 18:00:13', NULL);
INSERT INTO "usuarios" ("id", "nombre", "apellido", "email", "password", "telefono", "calle", "ciudad", "estado_dir", "codigo_postal", "rol", "estado", "email_verificado_en", "created_at", "updated_at", "deleted_at") VALUES (36, 'Aitor', 'Cornejo', 'ecruz@example.org', '$2y$12$46Orh35WVeQZK7GdR2gdVeibVbYmRkfQuIrcm3FfW0AKVhwormLTS', '7619-4583', 'Camiño Salinas, 5, Bajos', 'El Castañeda Medio', 'Segovia', '16483', 1, 1, '2021-06-15 07:30:38', '2026-05-21 18:00:13', '2026-05-21 18:00:13', NULL);
INSERT INTO "usuarios" ("id", "nombre", "apellido", "email", "password", "telefono", "calle", "ciudad", "estado_dir", "codigo_postal", "rol", "estado", "email_verificado_en", "created_at", "updated_at", "deleted_at") VALUES (37, 'Naiara', 'Álvarez', 'elujan@example.net', '$2y$12$Rt00U8nMSFPgSOTf0PQUoOPYuN48u9PjhIf0I4qJTc7e9p9sACDJi', '7384-3375', 'Paseo Leiva, 6, 0º 3º', 'Zúñiga de Ulla', 'La Rioja', '08094', 1, 0, '2020-04-05 21:24:06', '2026-05-21 18:00:13', '2026-05-21 18:00:13', NULL);
INSERT INTO "usuarios" ("id", "nombre", "apellido", "email", "password", "telefono", "calle", "ciudad", "estado_dir", "codigo_postal", "rol", "estado", "email_verificado_en", "created_at", "updated_at", "deleted_at") VALUES (38, 'Omar', 'Patiño', 'amparo78@example.org', '$2y$12$kDBNrZL3KygawPzapAotZOGQ8U8Sbvc9J3l58j4so//.Hi1W4cFB2', '7069-5906', 'Camiño Riojas, 830, 0º 2º', 'Vall Barroso de Lemos', 'Palencia', '11707', 1, 1, '1981-12-06 23:06:13', '2026-05-21 18:00:13', '2026-05-21 18:00:13', NULL);
INSERT INTO "usuarios" ("id", "nombre", "apellido", "email", "password", "telefono", "calle", "ciudad", "estado_dir", "codigo_postal", "rol", "estado", "email_verificado_en", "created_at", "updated_at", "deleted_at") VALUES (39, 'Unai', 'Fernández', 'lucas.cazares@example.net', '$2y$12$0aktE4ml3Gqb.mS74ot2dO4w0n8M6WB08Lv8OeOBhj4jPGQFOeYUa', '7843-0220', 'Passeig Espinoza, 51, 41º D', 'Pons del Barco', 'Teruel', '24534', 1, 1, '2018-01-20 09:20:05', '2026-05-21 18:00:13', '2026-05-21 18:00:13', NULL);
INSERT INTO "usuarios" ("id", "nombre", "apellido", "email", "password", "telefono", "calle", "ciudad", "estado_dir", "codigo_postal", "rol", "estado", "email_verificado_en", "created_at", "updated_at", "deleted_at") VALUES (40, 'Gabriela', 'Ordóñez', 'sandoval.alejandro@example.net', '$2y$12$2fIVu0CjgFNLL6yh5lTph.b6u8OcptupY4KM2WUDZlkhj49F.SBei', '7056-4367', 'Travesía Más, 594, 1º C', 'Esteban Medio', 'Jaén', '94808', 1, 1, '1989-09-02 15:04:06', '2026-05-21 18:00:13', '2026-05-21 18:00:13', NULL);
INSERT INTO "usuarios" ("id", "nombre", "apellido", "email", "password", "telefono", "calle", "ciudad", "estado_dir", "codigo_postal", "rol", "estado", "email_verificado_en", "created_at", "updated_at", "deleted_at") VALUES (41, 'Hugo', 'Alcaráz', 'martin75@example.net', '$2y$12$.hvSnd9w0SvhBHIRAU358eVczB4K59SCuqa09.R2Tvu8bvcy3L90C', '7660-6177', 'Ronda Héctor, 194, Bajos', 'Acevedo de la Sierra', 'Asturias', '11006', 1, 0, '2013-02-21 05:20:17', '2026-05-21 18:00:13', '2026-05-21 18:00:13', NULL);

DROP TABLE IF EXISTS "categorias";
CREATE TABLE "categorias" ("id" integer primary key autoincrement not null, "nombre_categoria" varchar not null, "created_at" datetime, "updated_at" datetime, "deleted_at" datetime);

INSERT INTO "categorias" ("id", "nombre_categoria", "created_at", "updated_at", "deleted_at") VALUES (1, 'Bicicletas de Montana', '2026-05-21 18:00:04', '2026-05-21 18:00:04', NULL);
INSERT INTO "categorias" ("id", "nombre_categoria", "created_at", "updated_at", "deleted_at") VALUES (2, 'Bicicletas de Ruta', '2026-05-21 18:00:04', '2026-05-21 18:00:04', NULL);
INSERT INTO "categorias" ("id", "nombre_categoria", "created_at", "updated_at", "deleted_at") VALUES (3, 'Accesorios', '2026-05-21 18:00:04', '2026-05-21 18:00:04', NULL);
INSERT INTO "categorias" ("id", "nombre_categoria", "created_at", "updated_at", "deleted_at") VALUES (4, 'Componentes', '2026-05-21 18:00:04', '2026-05-21 18:00:04', NULL);
INSERT INTO "categorias" ("id", "nombre_categoria", "created_at", "updated_at", "deleted_at") VALUES (5, 'Ropa Deportiva', '2026-05-21 18:00:04', '2026-05-21 18:00:04', NULL);

DROP TABLE IF EXISTS "productos";
CREATE TABLE "productos" ("id" integer primary key autoincrement not null, "nombre_producto" varchar not null, "marca_id" integer, "categoria_id" integer, "modelo_anio" integer, "precio_lista" numeric not null default '0', "created_at" datetime, "updated_at" datetime, "deleted_at" datetime, foreign key("categoria_id") references "categorias"("id") on delete set null);

INSERT INTO "productos" ("id", "nombre_producto", "marca_id", "categoria_id", "modelo_anio", "precio_lista", "created_at", "updated_at", "deleted_at") VALUES (1, 'sit deserunt rerum', 2, 2, 2023, 421.59, '2026-05-21 18:00:04', '2026-05-21 18:00:04', NULL);
INSERT INTO "productos" ("id", "nombre_producto", "marca_id", "categoria_id", "modelo_anio", "precio_lista", "created_at", "updated_at", "deleted_at") VALUES (2, 'nostrum nemo deserunt', 9, 1, 2021, 1199.28, '2026-05-21 18:00:04', '2026-05-21 18:00:04', NULL);
INSERT INTO "productos" ("id", "nombre_producto", "marca_id", "categoria_id", "modelo_anio", "precio_lista", "created_at", "updated_at", "deleted_at") VALUES (3, 'tenetur soluta sed', 2, 2, 2023, 2815.53, '2026-05-21 18:00:04', '2026-05-21 18:00:04', NULL);
INSERT INTO "productos" ("id", "nombre_producto", "marca_id", "categoria_id", "modelo_anio", "precio_lista", "created_at", "updated_at", "deleted_at") VALUES (4, 'laborum voluptas qui', 6, 1, 2020, 1991.31, '2026-05-21 18:00:04', '2026-05-21 18:00:04', NULL);
INSERT INTO "productos" ("id", "nombre_producto", "marca_id", "categoria_id", "modelo_anio", "precio_lista", "created_at", "updated_at", "deleted_at") VALUES (5, 'atque delectus dignissimos', 3, 5, 2020, 1727.3, '2026-05-21 18:00:04', '2026-05-21 18:00:04', NULL);
INSERT INTO "productos" ("id", "nombre_producto", "marca_id", "categoria_id", "modelo_anio", "precio_lista", "created_at", "updated_at", "deleted_at") VALUES (6, 'consequuntur placeat possimus', 4, 5, 2019, 338.42, '2026-05-21 18:00:04', '2026-05-21 18:00:04', NULL);
INSERT INTO "productos" ("id", "nombre_producto", "marca_id", "categoria_id", "modelo_anio", "precio_lista", "created_at", "updated_at", "deleted_at") VALUES (7, 'labore molestiae dolorum', 8, 5, 2024, 1804.29, '2026-05-21 18:00:04', '2026-05-21 18:00:04', NULL);
INSERT INTO "productos" ("id", "nombre_producto", "marca_id", "categoria_id", "modelo_anio", "precio_lista", "created_at", "updated_at", "deleted_at") VALUES (8, 'adipisci corporis non', 7, 4, 2023, 2764.14, '2026-05-21 18:00:04', '2026-05-21 18:00:04', NULL);
INSERT INTO "productos" ("id", "nombre_producto", "marca_id", "categoria_id", "modelo_anio", "precio_lista", "created_at", "updated_at", "deleted_at") VALUES (9, 'voluptatibus autem vel', 9, 1, 2018, 964.9, '2026-05-21 18:00:04', '2026-05-21 18:00:04', NULL);
INSERT INTO "productos" ("id", "nombre_producto", "marca_id", "categoria_id", "modelo_anio", "precio_lista", "created_at", "updated_at", "deleted_at") VALUES (10, 'laboriosam saepe aut', 6, 2, 2020, 204.43, '2026-05-21 18:00:04', '2026-05-21 18:00:04', NULL);
INSERT INTO "productos" ("id", "nombre_producto", "marca_id", "categoria_id", "modelo_anio", "precio_lista", "created_at", "updated_at", "deleted_at") VALUES (11, 'cum architecto eaque', 10, 5, 2018, 2443.87, '2026-05-21 18:00:04', '2026-05-21 18:00:04', NULL);
INSERT INTO "productos" ("id", "nombre_producto", "marca_id", "categoria_id", "modelo_anio", "precio_lista", "created_at", "updated_at", "deleted_at") VALUES (12, 'iusto animi dolorum', 1, 3, 2018, 517.96, '2026-05-21 18:00:04', '2026-05-21 18:00:04', NULL);
INSERT INTO "productos" ("id", "nombre_producto", "marca_id", "categoria_id", "modelo_anio", "precio_lista", "created_at", "updated_at", "deleted_at") VALUES (13, 'beatae occaecati modi', 2, 3, 2020, 258.65, '2026-05-21 18:00:04', '2026-05-21 18:00:04', NULL);
INSERT INTO "productos" ("id", "nombre_producto", "marca_id", "categoria_id", "modelo_anio", "precio_lista", "created_at", "updated_at", "deleted_at") VALUES (14, 'dolor sint inventore', 9, 1, 2020, 2824.51, '2026-05-21 18:00:04', '2026-05-21 18:00:04', NULL);
INSERT INTO "productos" ("id", "nombre_producto", "marca_id", "categoria_id", "modelo_anio", "precio_lista", "created_at", "updated_at", "deleted_at") VALUES (15, 'et placeat facere', 3, 1, 2018, 784.19, '2026-05-21 18:00:04', '2026-05-21 18:00:04', NULL);
INSERT INTO "productos" ("id", "nombre_producto", "marca_id", "categoria_id", "modelo_anio", "precio_lista", "created_at", "updated_at", "deleted_at") VALUES (16, 'et nulla quia', 1, 1, 2023, 2022.99, '2026-05-21 18:00:04', '2026-05-21 18:00:04', NULL);
INSERT INTO "productos" ("id", "nombre_producto", "marca_id", "categoria_id", "modelo_anio", "precio_lista", "created_at", "updated_at", "deleted_at") VALUES (17, 'recusandae molestiae iste', 4, 1, 2024, 1583.98, '2026-05-21 18:00:04', '2026-05-21 18:00:04', NULL);
INSERT INTO "productos" ("id", "nombre_producto", "marca_id", "categoria_id", "modelo_anio", "precio_lista", "created_at", "updated_at", "deleted_at") VALUES (18, 'ut sed perspiciatis', 5, 4, 2023, 710.75, '2026-05-21 18:00:04', '2026-05-21 18:00:04', NULL);
INSERT INTO "productos" ("id", "nombre_producto", "marca_id", "categoria_id", "modelo_anio", "precio_lista", "created_at", "updated_at", "deleted_at") VALUES (19, 'eveniet ut voluptate', 5, 1, 2020, 2648.59, '2026-05-21 18:00:04', '2026-05-21 18:00:04', NULL);
INSERT INTO "productos" ("id", "nombre_producto", "marca_id", "categoria_id", "modelo_anio", "precio_lista", "created_at", "updated_at", "deleted_at") VALUES (20, 'molestias deleniti impedit', 1, 1, 2023, 1218.59, '2026-05-21 18:00:04', '2026-05-21 18:00:04', NULL);
INSERT INTO "productos" ("id", "nombre_producto", "marca_id", "categoria_id", "modelo_anio", "precio_lista", "created_at", "updated_at", "deleted_at") VALUES (21, 'voluptas tempora natus', 2, 5, 2021, 2139.34, '2026-05-21 18:00:04', '2026-05-21 18:00:04', NULL);
INSERT INTO "productos" ("id", "nombre_producto", "marca_id", "categoria_id", "modelo_anio", "precio_lista", "created_at", "updated_at", "deleted_at") VALUES (22, 'et est dolorum', 5, 5, 2022, 2845.51, '2026-05-21 18:00:04', '2026-05-21 18:00:04', NULL);
INSERT INTO "productos" ("id", "nombre_producto", "marca_id", "categoria_id", "modelo_anio", "precio_lista", "created_at", "updated_at", "deleted_at") VALUES (23, 'officiis non sunt', 3, 3, 2022, 398.6, '2026-05-21 18:00:04', '2026-05-21 18:00:04', NULL);
INSERT INTO "productos" ("id", "nombre_producto", "marca_id", "categoria_id", "modelo_anio", "precio_lista", "created_at", "updated_at", "deleted_at") VALUES (24, 'nam ut impedit', 10, 2, 2020, 1139.91, '2026-05-21 18:00:04', '2026-05-21 18:00:04', NULL);
INSERT INTO "productos" ("id", "nombre_producto", "marca_id", "categoria_id", "modelo_anio", "precio_lista", "created_at", "updated_at", "deleted_at") VALUES (25, 'molestiae sunt sint', 1, 5, 2023, 2036.8, '2026-05-21 18:00:04', '2026-05-21 18:00:04', NULL);
INSERT INTO "productos" ("id", "nombre_producto", "marca_id", "categoria_id", "modelo_anio", "precio_lista", "created_at", "updated_at", "deleted_at") VALUES (26, 'quos maiores veniam', 6, 1, 2023, 2982.79, '2026-05-21 18:00:04', '2026-05-21 18:00:04', NULL);
INSERT INTO "productos" ("id", "nombre_producto", "marca_id", "categoria_id", "modelo_anio", "precio_lista", "created_at", "updated_at", "deleted_at") VALUES (27, 'ut autem expedita', 5, 1, 2023, 1584.09, '2026-05-21 18:00:04', '2026-05-21 18:00:04', NULL);
INSERT INTO "productos" ("id", "nombre_producto", "marca_id", "categoria_id", "modelo_anio", "precio_lista", "created_at", "updated_at", "deleted_at") VALUES (28, 'aut quos quas', 2, 1, 2019, 288.4, '2026-05-21 18:00:04', '2026-05-21 18:00:04', NULL);
INSERT INTO "productos" ("id", "nombre_producto", "marca_id", "categoria_id", "modelo_anio", "precio_lista", "created_at", "updated_at", "deleted_at") VALUES (29, 'tempora corrupti ratione', 8, 4, 2018, 718.27, '2026-05-21 18:00:04', '2026-05-21 18:00:04', NULL);
INSERT INTO "productos" ("id", "nombre_producto", "marca_id", "categoria_id", "modelo_anio", "precio_lista", "created_at", "updated_at", "deleted_at") VALUES (30, 'cumque et deserunt', 3, 1, 2021, 2575.44, '2026-05-21 18:00:04', '2026-05-21 18:00:04', NULL);
INSERT INTO "productos" ("id", "nombre_producto", "marca_id", "categoria_id", "modelo_anio", "precio_lista", "created_at", "updated_at", "deleted_at") VALUES (31, 'ut veniam perspiciatis', 8, 1, 2020, 1137.11, '2026-05-21 18:00:04', '2026-05-21 18:00:04', NULL);
INSERT INTO "productos" ("id", "nombre_producto", "marca_id", "categoria_id", "modelo_anio", "precio_lista", "created_at", "updated_at", "deleted_at") VALUES (32, 'repudiandae adipisci quam', 1, 3, 2020, 1046.68, '2026-05-21 18:00:04', '2026-05-21 18:00:04', NULL);
INSERT INTO "productos" ("id", "nombre_producto", "marca_id", "categoria_id", "modelo_anio", "precio_lista", "created_at", "updated_at", "deleted_at") VALUES (33, 'velit quia aut', 5, 4, 2018, 405.07, '2026-05-21 18:00:04', '2026-05-21 18:00:04', NULL);
INSERT INTO "productos" ("id", "nombre_producto", "marca_id", "categoria_id", "modelo_anio", "precio_lista", "created_at", "updated_at", "deleted_at") VALUES (34, 'quasi omnis et', 2, 4, 2020, 2958.77, '2026-05-21 18:00:04', '2026-05-21 18:00:04', NULL);
INSERT INTO "productos" ("id", "nombre_producto", "marca_id", "categoria_id", "modelo_anio", "precio_lista", "created_at", "updated_at", "deleted_at") VALUES (35, 'fuga dolorum repellat', 5, 1, 2021, 977.59, '2026-05-21 18:00:04', '2026-05-21 18:00:04', NULL);
INSERT INTO "productos" ("id", "nombre_producto", "marca_id", "categoria_id", "modelo_anio", "precio_lista", "created_at", "updated_at", "deleted_at") VALUES (36, 'tempore molestias natus', 9, 4, 2023, 285.01, '2026-05-21 18:00:04', '2026-05-21 18:00:04', NULL);
INSERT INTO "productos" ("id", "nombre_producto", "marca_id", "categoria_id", "modelo_anio", "precio_lista", "created_at", "updated_at", "deleted_at") VALUES (37, 'sed velit magni', 1, 5, 2022, 305.97, '2026-05-21 18:00:04', '2026-05-21 18:00:04', NULL);
INSERT INTO "productos" ("id", "nombre_producto", "marca_id", "categoria_id", "modelo_anio", "precio_lista", "created_at", "updated_at", "deleted_at") VALUES (38, 'id suscipit ipsum', 10, 2, 2020, 1494.89, '2026-05-21 18:00:04', '2026-05-21 18:00:04', NULL);
INSERT INTO "productos" ("id", "nombre_producto", "marca_id", "categoria_id", "modelo_anio", "precio_lista", "created_at", "updated_at", "deleted_at") VALUES (39, 'natus quasi quaerat', 7, 2, 2021, 1031.05, '2026-05-21 18:00:04', '2026-05-21 18:00:04', NULL);
INSERT INTO "productos" ("id", "nombre_producto", "marca_id", "categoria_id", "modelo_anio", "precio_lista", "created_at", "updated_at", "deleted_at") VALUES (40, 'inventore architecto eaque', 3, 5, 2023, 1825.42, '2026-05-21 18:00:04', '2026-05-21 18:00:04', NULL);
INSERT INTO "productos" ("id", "nombre_producto", "marca_id", "categoria_id", "modelo_anio", "precio_lista", "created_at", "updated_at", "deleted_at") VALUES (41, 'minima maxime voluptatem', 7, 5, 2022, 471.3, '2026-05-21 18:00:04', '2026-05-21 18:00:04', NULL);
INSERT INTO "productos" ("id", "nombre_producto", "marca_id", "categoria_id", "modelo_anio", "precio_lista", "created_at", "updated_at", "deleted_at") VALUES (42, 'doloribus dolores facere', 5, 1, 2024, 1428.39, '2026-05-21 18:00:04', '2026-05-21 18:00:04', NULL);
INSERT INTO "productos" ("id", "nombre_producto", "marca_id", "categoria_id", "modelo_anio", "precio_lista", "created_at", "updated_at", "deleted_at") VALUES (43, 'porro eligendi quod', 6, 1, 2018, 1925.46, '2026-05-21 18:00:04', '2026-05-21 18:00:04', NULL);
INSERT INTO "productos" ("id", "nombre_producto", "marca_id", "categoria_id", "modelo_anio", "precio_lista", "created_at", "updated_at", "deleted_at") VALUES (44, 'ut voluptatem sit', 3, 2, 2023, 375.74, '2026-05-21 18:00:04', '2026-05-21 18:00:04', NULL);
INSERT INTO "productos" ("id", "nombre_producto", "marca_id", "categoria_id", "modelo_anio", "precio_lista", "created_at", "updated_at", "deleted_at") VALUES (45, 'iste ut nobis', 2, 5, 2020, 2935.56, '2026-05-21 18:00:04', '2026-05-21 18:00:04', NULL);
INSERT INTO "productos" ("id", "nombre_producto", "marca_id", "categoria_id", "modelo_anio", "precio_lista", "created_at", "updated_at", "deleted_at") VALUES (46, 'consequatur omnis in', 5, 1, 2019, 2313.15, '2026-05-21 18:00:04', '2026-05-21 18:00:04', NULL);
INSERT INTO "productos" ("id", "nombre_producto", "marca_id", "categoria_id", "modelo_anio", "precio_lista", "created_at", "updated_at", "deleted_at") VALUES (47, 'omnis deserunt suscipit', 4, 5, 2021, 1694.01, '2026-05-21 18:00:04', '2026-05-21 18:00:04', NULL);
INSERT INTO "productos" ("id", "nombre_producto", "marca_id", "categoria_id", "modelo_anio", "precio_lista", "created_at", "updated_at", "deleted_at") VALUES (48, 'numquam vel aliquam', 6, 3, 2020, 429.2, '2026-05-21 18:00:04', '2026-05-21 18:00:04', NULL);
INSERT INTO "productos" ("id", "nombre_producto", "marca_id", "categoria_id", "modelo_anio", "precio_lista", "created_at", "updated_at", "deleted_at") VALUES (49, 'eius ex fugiat', 2, 1, 2018, 1593.96, '2026-05-21 18:00:04', '2026-05-21 18:00:04', NULL);
INSERT INTO "productos" ("id", "nombre_producto", "marca_id", "categoria_id", "modelo_anio", "precio_lista", "created_at", "updated_at", "deleted_at") VALUES (50, 'amet deserunt non', 6, 3, 2020, 2862.15, '2026-05-21 18:00:04', '2026-05-21 18:00:04', NULL);

DROP TABLE IF EXISTS "pedidos";
CREATE TABLE "pedidos" ("id" integer primary key autoincrement not null, "usuario_id" integer not null, "estado_pedido" integer not null default '1', "fecha_pedido" date, "fecha_requerida" date, "fecha_envio" date, "tienda_id" integer, "personal_id" integer, "created_at" datetime, "updated_at" datetime, "deleted_at" datetime, foreign key("usuario_id") references "usuarios"("id") on delete cascade);

INSERT INTO "pedidos" ("id", "usuario_id", "estado_pedido", "fecha_pedido", "fecha_requerida", "fecha_envio", "tienda_id", "personal_id", "created_at", "updated_at", "deleted_at") VALUES (1, 2, 2, '2025-07-06 09:10:16', '2025-07-11 09:10:16', NULL, 2, 8, '2026-05-21 18:00:13', '2026-05-21 18:00:13', NULL);
INSERT INTO "pedidos" ("id", "usuario_id", "estado_pedido", "fecha_pedido", "fecha_requerida", "fecha_envio", "tienda_id", "personal_id", "created_at", "updated_at", "deleted_at") VALUES (2, 2, 4, '2025-05-25 08:18:21', '2025-06-04 08:18:21', '2025-05-29 08:18:21', 2, 7, '2026-05-21 18:00:13', '2026-05-21 18:00:13', NULL);
INSERT INTO "pedidos" ("id", "usuario_id", "estado_pedido", "fecha_pedido", "fecha_requerida", "fecha_envio", "tienda_id", "personal_id", "created_at", "updated_at", "deleted_at") VALUES (3, 3, 1, '2025-10-28 17:53:38', '2025-11-02 17:53:38', NULL, 1, 10, '2026-05-21 18:00:13', '2026-05-21 18:00:13', NULL);
INSERT INTO "pedidos" ("id", "usuario_id", "estado_pedido", "fecha_pedido", "fecha_requerida", "fecha_envio", "tienda_id", "personal_id", "created_at", "updated_at", "deleted_at") VALUES (4, 4, 2, '2025-09-17 19:50:42', '2025-09-26 19:50:42', NULL, 3, 2, '2026-05-21 18:00:13', '2026-05-21 18:00:13', NULL);
INSERT INTO "pedidos" ("id", "usuario_id", "estado_pedido", "fecha_pedido", "fecha_requerida", "fecha_envio", "tienda_id", "personal_id", "created_at", "updated_at", "deleted_at") VALUES (5, 4, 2, '2026-03-14 01:22:49', '2026-03-24 01:22:49', NULL, 2, 4, '2026-05-21 18:00:13', '2026-05-21 18:00:13', NULL);
INSERT INTO "pedidos" ("id", "usuario_id", "estado_pedido", "fecha_pedido", "fecha_requerida", "fecha_envio", "tienda_id", "personal_id", "created_at", "updated_at", "deleted_at") VALUES (6, 4, 3, '2025-11-22 16:49:07', '2025-12-01 16:49:07', NULL, 3, 1, '2026-05-21 18:00:13', '2026-05-21 18:00:13', NULL);
INSERT INTO "pedidos" ("id", "usuario_id", "estado_pedido", "fecha_pedido", "fecha_requerida", "fecha_envio", "tienda_id", "personal_id", "created_at", "updated_at", "deleted_at") VALUES (7, 5, 1, '2025-09-09 05:14:49', '2025-09-16 05:14:49', NULL, 1, 1, '2026-05-21 18:00:13', '2026-05-21 18:00:13', NULL);
INSERT INTO "pedidos" ("id", "usuario_id", "estado_pedido", "fecha_pedido", "fecha_requerida", "fecha_envio", "tienda_id", "personal_id", "created_at", "updated_at", "deleted_at") VALUES (8, 5, 3, '2026-05-06 12:19:11', '2026-05-11 12:19:11', NULL, 3, 1, '2026-05-21 18:00:13', '2026-05-21 18:00:13', NULL);
INSERT INTO "pedidos" ("id", "usuario_id", "estado_pedido", "fecha_pedido", "fecha_requerida", "fecha_envio", "tienda_id", "personal_id", "created_at", "updated_at", "deleted_at") VALUES (9, 5, 3, '2025-11-09 00:50:48', '2025-11-16 00:50:48', NULL, 2, 5, '2026-05-21 18:00:13', '2026-05-21 18:00:13', NULL);
INSERT INTO "pedidos" ("id", "usuario_id", "estado_pedido", "fecha_pedido", "fecha_requerida", "fecha_envio", "tienda_id", "personal_id", "created_at", "updated_at", "deleted_at") VALUES (10, 5, 4, '2026-02-12 17:51:14', '2026-02-21 17:51:14', '2026-02-17 17:51:14', 2, 4, '2026-05-21 18:00:13', '2026-05-21 18:00:13', NULL);
INSERT INTO "pedidos" ("id", "usuario_id", "estado_pedido", "fecha_pedido", "fecha_requerida", "fecha_envio", "tienda_id", "personal_id", "created_at", "updated_at", "deleted_at") VALUES (11, 5, 1, '2025-12-03 19:18:01', '2025-12-13 19:18:01', NULL, 2, 8, '2026-05-21 18:00:13', '2026-05-21 18:00:13', NULL);
INSERT INTO "pedidos" ("id", "usuario_id", "estado_pedido", "fecha_pedido", "fecha_requerida", "fecha_envio", "tienda_id", "personal_id", "created_at", "updated_at", "deleted_at") VALUES (12, 6, 1, '2026-01-12 14:48:43', '2026-01-22 14:48:43', NULL, 3, 2, '2026-05-21 18:00:13', '2026-05-21 18:00:13', NULL);
INSERT INTO "pedidos" ("id", "usuario_id", "estado_pedido", "fecha_pedido", "fecha_requerida", "fecha_envio", "tienda_id", "personal_id", "created_at", "updated_at", "deleted_at") VALUES (13, 6, 4, '2025-07-17 15:13:45', '2025-07-23 15:13:45', '2025-07-18 15:13:45', 2, 3, '2026-05-21 18:00:13', '2026-05-21 18:00:13', NULL);
INSERT INTO "pedidos" ("id", "usuario_id", "estado_pedido", "fecha_pedido", "fecha_requerida", "fecha_envio", "tienda_id", "personal_id", "created_at", "updated_at", "deleted_at") VALUES (14, 6, 2, '2025-06-25 03:31:20', '2025-06-30 03:31:20', NULL, 1, 4, '2026-05-21 18:00:13', '2026-05-21 18:00:13', NULL);
INSERT INTO "pedidos" ("id", "usuario_id", "estado_pedido", "fecha_pedido", "fecha_requerida", "fecha_envio", "tienda_id", "personal_id", "created_at", "updated_at", "deleted_at") VALUES (15, 6, 4, '2026-05-21 03:05:41', '2026-05-29 03:05:41', '2026-05-24 03:05:41', 2, 5, '2026-05-21 18:00:13', '2026-05-21 18:00:13', NULL);
INSERT INTO "pedidos" ("id", "usuario_id", "estado_pedido", "fecha_pedido", "fecha_requerida", "fecha_envio", "tienda_id", "personal_id", "created_at", "updated_at", "deleted_at") VALUES (16, 7, 2, '2025-09-14 12:40:05', '2025-09-19 12:40:05', NULL, 1, 8, '2026-05-21 18:00:13', '2026-05-21 18:00:13', NULL);
INSERT INTO "pedidos" ("id", "usuario_id", "estado_pedido", "fecha_pedido", "fecha_requerida", "fecha_envio", "tienda_id", "personal_id", "created_at", "updated_at", "deleted_at") VALUES (17, 7, 3, '2025-06-17 08:07:36', '2025-06-22 08:07:36', NULL, 3, 3, '2026-05-21 18:00:13', '2026-05-21 18:00:13', NULL);
INSERT INTO "pedidos" ("id", "usuario_id", "estado_pedido", "fecha_pedido", "fecha_requerida", "fecha_envio", "tienda_id", "personal_id", "created_at", "updated_at", "deleted_at") VALUES (18, 8, 2, '2025-08-08 06:29:54', '2025-08-12 06:29:54', NULL, 1, 4, '2026-05-21 18:00:13', '2026-05-21 18:00:13', NULL);
INSERT INTO "pedidos" ("id", "usuario_id", "estado_pedido", "fecha_pedido", "fecha_requerida", "fecha_envio", "tienda_id", "personal_id", "created_at", "updated_at", "deleted_at") VALUES (19, 8, 2, '2025-12-17 22:54:55', '2025-12-21 22:54:55', NULL, 1, 10, '2026-05-21 18:00:13', '2026-05-21 18:00:13', NULL);
INSERT INTO "pedidos" ("id", "usuario_id", "estado_pedido", "fecha_pedido", "fecha_requerida", "fecha_envio", "tienda_id", "personal_id", "created_at", "updated_at", "deleted_at") VALUES (20, 8, 2, '2026-04-09 05:30:52', '2026-04-17 05:30:52', NULL, 3, 6, '2026-05-21 18:00:13', '2026-05-21 18:00:13', NULL);
INSERT INTO "pedidos" ("id", "usuario_id", "estado_pedido", "fecha_pedido", "fecha_requerida", "fecha_envio", "tienda_id", "personal_id", "created_at", "updated_at", "deleted_at") VALUES (21, 9, 2, '2025-10-07 19:10:46', '2025-10-12 19:10:46', NULL, 3, 5, '2026-05-21 18:00:13', '2026-05-21 18:00:13', NULL);
INSERT INTO "pedidos" ("id", "usuario_id", "estado_pedido", "fecha_pedido", "fecha_requerida", "fecha_envio", "tienda_id", "personal_id", "created_at", "updated_at", "deleted_at") VALUES (22, 9, 3, '2026-03-10 07:28:40', '2026-03-14 07:28:40', NULL, 2, 10, '2026-05-21 18:00:13', '2026-05-21 18:00:13', NULL);
INSERT INTO "pedidos" ("id", "usuario_id", "estado_pedido", "fecha_pedido", "fecha_requerida", "fecha_envio", "tienda_id", "personal_id", "created_at", "updated_at", "deleted_at") VALUES (23, 9, 3, '2025-11-08 16:15:49', '2025-11-16 16:15:49', NULL, 2, 3, '2026-05-21 18:00:13', '2026-05-21 18:00:13', NULL);
INSERT INTO "pedidos" ("id", "usuario_id", "estado_pedido", "fecha_pedido", "fecha_requerida", "fecha_envio", "tienda_id", "personal_id", "created_at", "updated_at", "deleted_at") VALUES (24, 9, 1, '2026-04-05 16:52:04', '2026-04-14 16:52:04', NULL, 3, 10, '2026-05-21 18:00:13', '2026-05-21 18:00:13', NULL);
INSERT INTO "pedidos" ("id", "usuario_id", "estado_pedido", "fecha_pedido", "fecha_requerida", "fecha_envio", "tienda_id", "personal_id", "created_at", "updated_at", "deleted_at") VALUES (25, 10, 1, '2025-10-18 03:02:23', '2025-10-25 03:02:23', NULL, 3, 9, '2026-05-21 18:00:13', '2026-05-21 18:00:13', NULL);
INSERT INTO "pedidos" ("id", "usuario_id", "estado_pedido", "fecha_pedido", "fecha_requerida", "fecha_envio", "tienda_id", "personal_id", "created_at", "updated_at", "deleted_at") VALUES (26, 11, 1, '2025-12-10 07:55:33', '2025-12-20 07:55:33', NULL, 2, 5, '2026-05-21 18:00:13', '2026-05-21 18:00:13', NULL);
INSERT INTO "pedidos" ("id", "usuario_id", "estado_pedido", "fecha_pedido", "fecha_requerida", "fecha_envio", "tienda_id", "personal_id", "created_at", "updated_at", "deleted_at") VALUES (27, 11, 3, '2026-03-16 08:47:05', '2026-03-23 08:47:05', NULL, 1, 4, '2026-05-21 18:00:13', '2026-05-21 18:00:13', NULL);
INSERT INTO "pedidos" ("id", "usuario_id", "estado_pedido", "fecha_pedido", "fecha_requerida", "fecha_envio", "tienda_id", "personal_id", "created_at", "updated_at", "deleted_at") VALUES (28, 11, 3, '2025-11-26 12:03:43', '2025-12-06 12:03:43', NULL, 2, 1, '2026-05-21 18:00:13', '2026-05-21 18:00:13', NULL);
INSERT INTO "pedidos" ("id", "usuario_id", "estado_pedido", "fecha_pedido", "fecha_requerida", "fecha_envio", "tienda_id", "personal_id", "created_at", "updated_at", "deleted_at") VALUES (29, 11, 1, '2025-10-31 00:23:51', '2025-11-04 00:23:51', NULL, 3, 1, '2026-05-21 18:00:13', '2026-05-21 18:00:13', NULL);
INSERT INTO "pedidos" ("id", "usuario_id", "estado_pedido", "fecha_pedido", "fecha_requerida", "fecha_envio", "tienda_id", "personal_id", "created_at", "updated_at", "deleted_at") VALUES (30, 11, 2, '2025-06-03 04:53:00', '2025-06-10 04:53:00', NULL, 1, 8, '2026-05-21 18:00:13', '2026-05-21 18:00:13', NULL);
INSERT INTO "pedidos" ("id", "usuario_id", "estado_pedido", "fecha_pedido", "fecha_requerida", "fecha_envio", "tienda_id", "personal_id", "created_at", "updated_at", "deleted_at") VALUES (31, 12, 4, '2025-12-24 05:39:56', '2026-01-02 05:39:56', '2025-12-25 05:39:56', 1, 9, '2026-05-21 18:00:13', '2026-05-21 18:00:13', NULL);
INSERT INTO "pedidos" ("id", "usuario_id", "estado_pedido", "fecha_pedido", "fecha_requerida", "fecha_envio", "tienda_id", "personal_id", "created_at", "updated_at", "deleted_at") VALUES (32, 13, 4, '2026-04-29 03:52:34', '2026-05-09 03:52:34', '2026-04-30 03:52:34', 3, 7, '2026-05-21 18:00:13', '2026-05-21 18:00:13', NULL);
INSERT INTO "pedidos" ("id", "usuario_id", "estado_pedido", "fecha_pedido", "fecha_requerida", "fecha_envio", "tienda_id", "personal_id", "created_at", "updated_at", "deleted_at") VALUES (33, 13, 2, '2026-01-30 17:03:19', '2026-02-09 17:03:19', NULL, 3, 5, '2026-05-21 18:00:13', '2026-05-21 18:00:13', NULL);
INSERT INTO "pedidos" ("id", "usuario_id", "estado_pedido", "fecha_pedido", "fecha_requerida", "fecha_envio", "tienda_id", "personal_id", "created_at", "updated_at", "deleted_at") VALUES (34, 13, 2, '2025-12-01 11:14:03', '2025-12-11 11:14:03', NULL, 3, 4, '2026-05-21 18:00:13', '2026-05-21 18:00:13', NULL);
INSERT INTO "pedidos" ("id", "usuario_id", "estado_pedido", "fecha_pedido", "fecha_requerida", "fecha_envio", "tienda_id", "personal_id", "created_at", "updated_at", "deleted_at") VALUES (35, 13, 2, '2025-06-23 14:39:19', '2025-07-03 14:39:19', NULL, 2, 4, '2026-05-21 18:00:13', '2026-05-21 18:00:13', NULL);
INSERT INTO "pedidos" ("id", "usuario_id", "estado_pedido", "fecha_pedido", "fecha_requerida", "fecha_envio", "tienda_id", "personal_id", "created_at", "updated_at", "deleted_at") VALUES (36, 14, 3, '2025-06-05 06:11:35', '2025-06-12 06:11:35', NULL, 3, 3, '2026-05-21 18:00:13', '2026-05-21 18:00:13', NULL);
INSERT INTO "pedidos" ("id", "usuario_id", "estado_pedido", "fecha_pedido", "fecha_requerida", "fecha_envio", "tienda_id", "personal_id", "created_at", "updated_at", "deleted_at") VALUES (37, 14, 4, '2025-08-31 15:09:56', '2025-09-06 15:09:56', '2025-09-05 15:09:56', 1, 6, '2026-05-21 18:00:13', '2026-05-21 18:00:13', NULL);
INSERT INTO "pedidos" ("id", "usuario_id", "estado_pedido", "fecha_pedido", "fecha_requerida", "fecha_envio", "tienda_id", "personal_id", "created_at", "updated_at", "deleted_at") VALUES (38, 14, 3, '2026-03-13 18:27:29', '2026-03-19 18:27:29', NULL, 2, 5, '2026-05-21 18:00:13', '2026-05-21 18:00:13', NULL);
INSERT INTO "pedidos" ("id", "usuario_id", "estado_pedido", "fecha_pedido", "fecha_requerida", "fecha_envio", "tienda_id", "personal_id", "created_at", "updated_at", "deleted_at") VALUES (39, 15, 3, '2026-02-18 13:08:35', '2026-02-25 13:08:35', NULL, 3, 9, '2026-05-21 18:00:13', '2026-05-21 18:00:13', NULL);
INSERT INTO "pedidos" ("id", "usuario_id", "estado_pedido", "fecha_pedido", "fecha_requerida", "fecha_envio", "tienda_id", "personal_id", "created_at", "updated_at", "deleted_at") VALUES (40, 15, 4, '2025-09-09 04:23:06', '2025-09-13 04:23:06', '2025-09-11 04:23:06', 1, 4, '2026-05-21 18:00:13', '2026-05-21 18:00:13', NULL);
INSERT INTO "pedidos" ("id", "usuario_id", "estado_pedido", "fecha_pedido", "fecha_requerida", "fecha_envio", "tienda_id", "personal_id", "created_at", "updated_at", "deleted_at") VALUES (41, 15, 3, '2025-09-05 15:55:28', '2025-09-12 15:55:28', NULL, 1, 3, '2026-05-21 18:00:13', '2026-05-21 18:00:13', NULL);
INSERT INTO "pedidos" ("id", "usuario_id", "estado_pedido", "fecha_pedido", "fecha_requerida", "fecha_envio", "tienda_id", "personal_id", "created_at", "updated_at", "deleted_at") VALUES (42, 15, 4, '2026-02-16 23:27:02', '2026-02-26 23:27:02', '2026-02-18 23:27:02', 1, 8, '2026-05-21 18:00:13', '2026-05-21 18:00:13', NULL);
INSERT INTO "pedidos" ("id", "usuario_id", "estado_pedido", "fecha_pedido", "fecha_requerida", "fecha_envio", "tienda_id", "personal_id", "created_at", "updated_at", "deleted_at") VALUES (43, 15, 3, '2026-04-23 01:55:43', '2026-04-29 01:55:43', NULL, 1, 10, '2026-05-21 18:00:13', '2026-05-21 18:00:13', NULL);
INSERT INTO "pedidos" ("id", "usuario_id", "estado_pedido", "fecha_pedido", "fecha_requerida", "fecha_envio", "tienda_id", "personal_id", "created_at", "updated_at", "deleted_at") VALUES (44, 16, 4, '2026-02-16 06:04:56', '2026-02-25 06:04:56', '2026-02-20 06:04:56', 3, 3, '2026-05-21 18:00:14', '2026-05-21 18:00:14', NULL);
INSERT INTO "pedidos" ("id", "usuario_id", "estado_pedido", "fecha_pedido", "fecha_requerida", "fecha_envio", "tienda_id", "personal_id", "created_at", "updated_at", "deleted_at") VALUES (45, 16, 4, '2025-06-10 05:50:36', '2025-06-14 05:50:36', '2025-06-15 05:50:36', 2, 7, '2026-05-21 18:00:14', '2026-05-21 18:00:14', NULL);
INSERT INTO "pedidos" ("id", "usuario_id", "estado_pedido", "fecha_pedido", "fecha_requerida", "fecha_envio", "tienda_id", "personal_id", "created_at", "updated_at", "deleted_at") VALUES (46, 16, 4, '2026-04-24 20:28:02', '2026-05-01 20:28:02', '2026-04-29 20:28:02', 2, 1, '2026-05-21 18:00:14', '2026-05-21 18:00:14', NULL);
INSERT INTO "pedidos" ("id", "usuario_id", "estado_pedido", "fecha_pedido", "fecha_requerida", "fecha_envio", "tienda_id", "personal_id", "created_at", "updated_at", "deleted_at") VALUES (47, 17, 3, '2025-06-11 04:55:39', '2025-06-19 04:55:39', NULL, 2, 7, '2026-05-21 18:00:14', '2026-05-21 18:00:14', NULL);
INSERT INTO "pedidos" ("id", "usuario_id", "estado_pedido", "fecha_pedido", "fecha_requerida", "fecha_envio", "tienda_id", "personal_id", "created_at", "updated_at", "deleted_at") VALUES (48, 17, 4, '2025-05-29 04:12:49', '2025-06-03 04:12:49', '2025-06-03 04:12:49', 3, 2, '2026-05-21 18:00:14', '2026-05-21 18:00:14', NULL);
INSERT INTO "pedidos" ("id", "usuario_id", "estado_pedido", "fecha_pedido", "fecha_requerida", "fecha_envio", "tienda_id", "personal_id", "created_at", "updated_at", "deleted_at") VALUES (49, 17, 3, '2025-11-20 17:34:47', '2025-11-26 17:34:47', NULL, 3, 6, '2026-05-21 18:00:14', '2026-05-21 18:00:14', NULL);
INSERT INTO "pedidos" ("id", "usuario_id", "estado_pedido", "fecha_pedido", "fecha_requerida", "fecha_envio", "tienda_id", "personal_id", "created_at", "updated_at", "deleted_at") VALUES (50, 17, 2, '2026-05-09 15:29:53', '2026-05-17 15:29:53', NULL, 1, 2, '2026-05-21 18:00:14', '2026-05-21 18:00:14', NULL);
INSERT INTO "pedidos" ("id", "usuario_id", "estado_pedido", "fecha_pedido", "fecha_requerida", "fecha_envio", "tienda_id", "personal_id", "created_at", "updated_at", "deleted_at") VALUES (51, 18, 4, '2025-10-01 22:32:45', '2025-10-06 22:32:45', '2025-10-04 22:32:45', 2, 5, '2026-05-21 18:00:14', '2026-05-21 18:00:14', NULL);
INSERT INTO "pedidos" ("id", "usuario_id", "estado_pedido", "fecha_pedido", "fecha_requerida", "fecha_envio", "tienda_id", "personal_id", "created_at", "updated_at", "deleted_at") VALUES (52, 18, 2, '2026-02-09 12:15:35', '2026-02-18 12:15:35', NULL, 1, 2, '2026-05-21 18:00:14', '2026-05-21 18:00:14', NULL);
INSERT INTO "pedidos" ("id", "usuario_id", "estado_pedido", "fecha_pedido", "fecha_requerida", "fecha_envio", "tienda_id", "personal_id", "created_at", "updated_at", "deleted_at") VALUES (53, 18, 4, '2026-04-28 08:24:21', '2026-05-03 08:24:21', '2026-05-01 08:24:21', 1, 10, '2026-05-21 18:00:14', '2026-05-21 18:00:14', NULL);
INSERT INTO "pedidos" ("id", "usuario_id", "estado_pedido", "fecha_pedido", "fecha_requerida", "fecha_envio", "tienda_id", "personal_id", "created_at", "updated_at", "deleted_at") VALUES (54, 18, 2, '2025-08-02 17:35:28', '2025-08-09 17:35:28', NULL, 2, 7, '2026-05-21 18:00:14', '2026-05-21 18:00:14', NULL);
INSERT INTO "pedidos" ("id", "usuario_id", "estado_pedido", "fecha_pedido", "fecha_requerida", "fecha_envio", "tienda_id", "personal_id", "created_at", "updated_at", "deleted_at") VALUES (55, 18, 4, '2026-01-18 08:01:17', '2026-01-23 08:01:17', '2026-01-21 08:01:17', 3, 9, '2026-05-21 18:00:14', '2026-05-21 18:00:14', NULL);
INSERT INTO "pedidos" ("id", "usuario_id", "estado_pedido", "fecha_pedido", "fecha_requerida", "fecha_envio", "tienda_id", "personal_id", "created_at", "updated_at", "deleted_at") VALUES (56, 19, 2, '2026-03-23 00:54:07', '2026-03-27 00:54:07', NULL, 3, 10, '2026-05-21 18:00:14', '2026-05-21 18:00:14', NULL);
INSERT INTO "pedidos" ("id", "usuario_id", "estado_pedido", "fecha_pedido", "fecha_requerida", "fecha_envio", "tienda_id", "personal_id", "created_at", "updated_at", "deleted_at") VALUES (57, 19, 4, '2025-11-18 09:15:23', '2025-11-22 09:15:23', '2025-11-22 09:15:23', 1, 5, '2026-05-21 18:00:14', '2026-05-21 18:00:14', NULL);
INSERT INTO "pedidos" ("id", "usuario_id", "estado_pedido", "fecha_pedido", "fecha_requerida", "fecha_envio", "tienda_id", "personal_id", "created_at", "updated_at", "deleted_at") VALUES (58, 19, 4, '2025-08-18 21:07:25', '2025-08-26 21:07:25', '2025-08-23 21:07:25', 3, 8, '2026-05-21 18:00:14', '2026-05-21 18:00:14', NULL);
INSERT INTO "pedidos" ("id", "usuario_id", "estado_pedido", "fecha_pedido", "fecha_requerida", "fecha_envio", "tienda_id", "personal_id", "created_at", "updated_at", "deleted_at") VALUES (59, 19, 2, '2025-11-29 15:44:28', '2025-12-04 15:44:28', NULL, 2, 7, '2026-05-21 18:00:14', '2026-05-21 18:00:14', NULL);
INSERT INTO "pedidos" ("id", "usuario_id", "estado_pedido", "fecha_pedido", "fecha_requerida", "fecha_envio", "tienda_id", "personal_id", "created_at", "updated_at", "deleted_at") VALUES (60, 20, 4, '2025-10-26 01:51:56', '2025-11-02 01:51:56', '2025-10-27 01:51:56', 2, 7, '2026-05-21 18:00:14', '2026-05-21 18:00:14', NULL);
INSERT INTO "pedidos" ("id", "usuario_id", "estado_pedido", "fecha_pedido", "fecha_requerida", "fecha_envio", "tienda_id", "personal_id", "created_at", "updated_at", "deleted_at") VALUES (61, 21, 4, '2025-08-05 05:50:49', '2025-08-10 05:50:49', '2025-08-07 05:50:49', 3, 4, '2026-05-21 18:00:14', '2026-05-21 18:00:14', NULL);
INSERT INTO "pedidos" ("id", "usuario_id", "estado_pedido", "fecha_pedido", "fecha_requerida", "fecha_envio", "tienda_id", "personal_id", "created_at", "updated_at", "deleted_at") VALUES (62, 21, 4, '2025-12-28 07:13:31', '2026-01-01 07:13:31', '2026-01-01 07:13:31', 2, 10, '2026-05-21 18:00:14', '2026-05-21 18:00:14', NULL);
INSERT INTO "pedidos" ("id", "usuario_id", "estado_pedido", "fecha_pedido", "fecha_requerida", "fecha_envio", "tienda_id", "personal_id", "created_at", "updated_at", "deleted_at") VALUES (63, 22, 2, '2025-08-03 20:59:24', '2025-08-06 20:59:24', NULL, 2, 8, '2026-05-21 18:00:14', '2026-05-21 18:00:14', NULL);
INSERT INTO "pedidos" ("id", "usuario_id", "estado_pedido", "fecha_pedido", "fecha_requerida", "fecha_envio", "tienda_id", "personal_id", "created_at", "updated_at", "deleted_at") VALUES (64, 23, 4, '2026-02-03 16:36:17', '2026-02-13 16:36:17', '2026-02-07 16:36:17', 3, 8, '2026-05-21 18:00:14', '2026-05-21 18:00:14', NULL);
INSERT INTO "pedidos" ("id", "usuario_id", "estado_pedido", "fecha_pedido", "fecha_requerida", "fecha_envio", "tienda_id", "personal_id", "created_at", "updated_at", "deleted_at") VALUES (65, 23, 2, '2025-09-22 23:06:23', '2025-09-25 23:06:23', NULL, 1, 9, '2026-05-21 18:00:14', '2026-05-21 18:00:14', NULL);
INSERT INTO "pedidos" ("id", "usuario_id", "estado_pedido", "fecha_pedido", "fecha_requerida", "fecha_envio", "tienda_id", "personal_id", "created_at", "updated_at", "deleted_at") VALUES (66, 23, 4, '2025-06-13 12:38:40', '2025-06-22 12:38:40', '2025-06-14 12:38:40', 2, 8, '2026-05-21 18:00:14', '2026-05-21 18:00:14', NULL);
INSERT INTO "pedidos" ("id", "usuario_id", "estado_pedido", "fecha_pedido", "fecha_requerida", "fecha_envio", "tienda_id", "personal_id", "created_at", "updated_at", "deleted_at") VALUES (67, 24, 3, '2026-01-02 15:09:58', '2026-01-11 15:09:58', NULL, 3, 3, '2026-05-21 18:00:14', '2026-05-21 18:00:14', NULL);
INSERT INTO "pedidos" ("id", "usuario_id", "estado_pedido", "fecha_pedido", "fecha_requerida", "fecha_envio", "tienda_id", "personal_id", "created_at", "updated_at", "deleted_at") VALUES (68, 24, 2, '2026-04-18 22:41:58', '2026-04-27 22:41:58', NULL, 1, 5, '2026-05-21 18:00:14', '2026-05-21 18:00:14', NULL);
INSERT INTO "pedidos" ("id", "usuario_id", "estado_pedido", "fecha_pedido", "fecha_requerida", "fecha_envio", "tienda_id", "personal_id", "created_at", "updated_at", "deleted_at") VALUES (69, 25, 2, '2025-08-26 14:13:29', '2025-08-29 14:13:29', NULL, 2, 7, '2026-05-21 18:00:14', '2026-05-21 18:00:14', NULL);
INSERT INTO "pedidos" ("id", "usuario_id", "estado_pedido", "fecha_pedido", "fecha_requerida", "fecha_envio", "tienda_id", "personal_id", "created_at", "updated_at", "deleted_at") VALUES (70, 25, 4, '2025-10-10 18:00:02', '2025-10-17 18:00:02', '2025-10-12 18:00:02', 1, 8, '2026-05-21 18:00:14', '2026-05-21 18:00:14', NULL);
INSERT INTO "pedidos" ("id", "usuario_id", "estado_pedido", "fecha_pedido", "fecha_requerida", "fecha_envio", "tienda_id", "personal_id", "created_at", "updated_at", "deleted_at") VALUES (71, 26, 1, '2026-01-17 21:14:08', '2026-01-27 21:14:08', NULL, 3, 7, '2026-05-21 18:00:14', '2026-05-21 18:00:14', NULL);
INSERT INTO "pedidos" ("id", "usuario_id", "estado_pedido", "fecha_pedido", "fecha_requerida", "fecha_envio", "tienda_id", "personal_id", "created_at", "updated_at", "deleted_at") VALUES (72, 26, 2, '2025-08-21 15:32:03', '2025-08-26 15:32:03', NULL, 2, 1, '2026-05-21 18:00:14', '2026-05-21 18:00:14', NULL);
INSERT INTO "pedidos" ("id", "usuario_id", "estado_pedido", "fecha_pedido", "fecha_requerida", "fecha_envio", "tienda_id", "personal_id", "created_at", "updated_at", "deleted_at") VALUES (73, 26, 4, '2026-03-01 11:03:53', '2026-03-08 11:03:53', '2026-03-05 11:03:53', 1, 8, '2026-05-21 18:00:14', '2026-05-21 18:00:14', NULL);
INSERT INTO "pedidos" ("id", "usuario_id", "estado_pedido", "fecha_pedido", "fecha_requerida", "fecha_envio", "tienda_id", "personal_id", "created_at", "updated_at", "deleted_at") VALUES (74, 26, 1, '2026-04-19 06:13:52', '2026-04-22 06:13:52', NULL, 3, 9, '2026-05-21 18:00:14', '2026-05-21 18:00:14', NULL);
INSERT INTO "pedidos" ("id", "usuario_id", "estado_pedido", "fecha_pedido", "fecha_requerida", "fecha_envio", "tienda_id", "personal_id", "created_at", "updated_at", "deleted_at") VALUES (75, 27, 2, '2025-11-25 02:13:59', '2025-11-29 02:13:59', NULL, 1, 3, '2026-05-21 18:00:14', '2026-05-21 18:00:14', NULL);
INSERT INTO "pedidos" ("id", "usuario_id", "estado_pedido", "fecha_pedido", "fecha_requerida", "fecha_envio", "tienda_id", "personal_id", "created_at", "updated_at", "deleted_at") VALUES (76, 28, 2, '2025-07-07 06:36:20', '2025-07-16 06:36:20', NULL, 3, 10, '2026-05-21 18:00:14', '2026-05-21 18:00:14', NULL);
INSERT INTO "pedidos" ("id", "usuario_id", "estado_pedido", "fecha_pedido", "fecha_requerida", "fecha_envio", "tienda_id", "personal_id", "created_at", "updated_at", "deleted_at") VALUES (77, 28, 3, '2026-01-14 13:19:56', '2026-01-22 13:19:56', NULL, 2, 1, '2026-05-21 18:00:14', '2026-05-21 18:00:14', NULL);
INSERT INTO "pedidos" ("id", "usuario_id", "estado_pedido", "fecha_pedido", "fecha_requerida", "fecha_envio", "tienda_id", "personal_id", "created_at", "updated_at", "deleted_at") VALUES (78, 28, 4, '2026-01-29 06:51:48', '2026-02-07 06:51:48', '2026-02-03 06:51:48', 2, 3, '2026-05-21 18:00:14', '2026-05-21 18:00:14', NULL);
INSERT INTO "pedidos" ("id", "usuario_id", "estado_pedido", "fecha_pedido", "fecha_requerida", "fecha_envio", "tienda_id", "personal_id", "created_at", "updated_at", "deleted_at") VALUES (79, 29, 1, '2025-10-03 04:07:41', '2025-10-06 04:07:41', NULL, 2, 9, '2026-05-21 18:00:14', '2026-05-21 18:00:14', NULL);
INSERT INTO "pedidos" ("id", "usuario_id", "estado_pedido", "fecha_pedido", "fecha_requerida", "fecha_envio", "tienda_id", "personal_id", "created_at", "updated_at", "deleted_at") VALUES (80, 29, 2, '2025-11-05 05:12:39', '2025-11-12 05:12:39', NULL, 2, 2, '2026-05-21 18:00:14', '2026-05-21 18:00:14', NULL);
INSERT INTO "pedidos" ("id", "usuario_id", "estado_pedido", "fecha_pedido", "fecha_requerida", "fecha_envio", "tienda_id", "personal_id", "created_at", "updated_at", "deleted_at") VALUES (81, 29, 4, '2026-03-23 23:29:42', '2026-04-02 23:29:42', '2026-03-26 23:29:42', 2, 5, '2026-05-21 18:00:14', '2026-05-21 18:00:14', NULL);
INSERT INTO "pedidos" ("id", "usuario_id", "estado_pedido", "fecha_pedido", "fecha_requerida", "fecha_envio", "tienda_id", "personal_id", "created_at", "updated_at", "deleted_at") VALUES (82, 29, 2, '2026-04-25 10:11:14', '2026-04-29 10:11:14', NULL, 3, 3, '2026-05-21 18:00:14', '2026-05-21 18:00:14', NULL);
INSERT INTO "pedidos" ("id", "usuario_id", "estado_pedido", "fecha_pedido", "fecha_requerida", "fecha_envio", "tienda_id", "personal_id", "created_at", "updated_at", "deleted_at") VALUES (83, 29, 1, '2026-03-18 08:58:44', '2026-03-22 08:58:44', NULL, 3, 5, '2026-05-21 18:00:14', '2026-05-21 18:00:14', NULL);
INSERT INTO "pedidos" ("id", "usuario_id", "estado_pedido", "fecha_pedido", "fecha_requerida", "fecha_envio", "tienda_id", "personal_id", "created_at", "updated_at", "deleted_at") VALUES (84, 30, 1, '2026-01-05 17:32:40', '2026-01-13 17:32:40', NULL, 3, 8, '2026-05-21 18:00:14', '2026-05-21 18:00:14', NULL);
INSERT INTO "pedidos" ("id", "usuario_id", "estado_pedido", "fecha_pedido", "fecha_requerida", "fecha_envio", "tienda_id", "personal_id", "created_at", "updated_at", "deleted_at") VALUES (85, 30, 3, '2026-03-13 04:31:31', '2026-03-19 04:31:31', NULL, 1, 6, '2026-05-21 18:00:14', '2026-05-21 18:00:14', NULL);
INSERT INTO "pedidos" ("id", "usuario_id", "estado_pedido", "fecha_pedido", "fecha_requerida", "fecha_envio", "tienda_id", "personal_id", "created_at", "updated_at", "deleted_at") VALUES (86, 30, 3, '2026-02-08 08:58:46', '2026-02-14 08:58:46', NULL, 1, 5, '2026-05-21 18:00:14', '2026-05-21 18:00:14', NULL);
INSERT INTO "pedidos" ("id", "usuario_id", "estado_pedido", "fecha_pedido", "fecha_requerida", "fecha_envio", "tienda_id", "personal_id", "created_at", "updated_at", "deleted_at") VALUES (87, 30, 3, '2025-05-31 04:03:02', '2025-06-09 04:03:02', NULL, 2, 5, '2026-05-21 18:00:14', '2026-05-21 18:00:14', NULL);
INSERT INTO "pedidos" ("id", "usuario_id", "estado_pedido", "fecha_pedido", "fecha_requerida", "fecha_envio", "tienda_id", "personal_id", "created_at", "updated_at", "deleted_at") VALUES (88, 31, 4, '2025-06-09 06:30:15', '2025-06-15 06:30:15', '2025-06-11 06:30:15', 1, 10, '2026-05-21 18:00:14', '2026-05-21 18:00:14', NULL);
INSERT INTO "pedidos" ("id", "usuario_id", "estado_pedido", "fecha_pedido", "fecha_requerida", "fecha_envio", "tienda_id", "personal_id", "created_at", "updated_at", "deleted_at") VALUES (89, 31, 1, '2025-07-14 05:52:41', '2025-07-23 05:52:41', NULL, 2, 2, '2026-05-21 18:00:14', '2026-05-21 18:00:14', NULL);
INSERT INTO "pedidos" ("id", "usuario_id", "estado_pedido", "fecha_pedido", "fecha_requerida", "fecha_envio", "tienda_id", "personal_id", "created_at", "updated_at", "deleted_at") VALUES (90, 31, 2, '2026-02-07 02:48:03', '2026-02-16 02:48:03', NULL, 3, 5, '2026-05-21 18:00:14', '2026-05-21 18:00:14', NULL);
INSERT INTO "pedidos" ("id", "usuario_id", "estado_pedido", "fecha_pedido", "fecha_requerida", "fecha_envio", "tienda_id", "personal_id", "created_at", "updated_at", "deleted_at") VALUES (91, 31, 2, '2025-12-29 22:49:57', '2026-01-08 22:49:57', NULL, 3, 4, '2026-05-21 18:00:14', '2026-05-21 18:00:14', NULL);
INSERT INTO "pedidos" ("id", "usuario_id", "estado_pedido", "fecha_pedido", "fecha_requerida", "fecha_envio", "tienda_id", "personal_id", "created_at", "updated_at", "deleted_at") VALUES (92, 31, 3, '2026-02-11 16:50:23', '2026-02-15 16:50:23', NULL, 3, 8, '2026-05-21 18:00:14', '2026-05-21 18:00:14', NULL);
INSERT INTO "pedidos" ("id", "usuario_id", "estado_pedido", "fecha_pedido", "fecha_requerida", "fecha_envio", "tienda_id", "personal_id", "created_at", "updated_at", "deleted_at") VALUES (93, 32, 2, '2026-01-06 04:38:12', '2026-01-14 04:38:12', NULL, 3, 4, '2026-05-21 18:00:14', '2026-05-21 18:00:14', NULL);
INSERT INTO "pedidos" ("id", "usuario_id", "estado_pedido", "fecha_pedido", "fecha_requerida", "fecha_envio", "tienda_id", "personal_id", "created_at", "updated_at", "deleted_at") VALUES (94, 32, 1, '2026-01-14 06:41:32', '2026-01-19 06:41:32', NULL, 3, 5, '2026-05-21 18:00:14', '2026-05-21 18:00:14', NULL);
INSERT INTO "pedidos" ("id", "usuario_id", "estado_pedido", "fecha_pedido", "fecha_requerida", "fecha_envio", "tienda_id", "personal_id", "created_at", "updated_at", "deleted_at") VALUES (95, 33, 3, '2026-05-19 10:42:04', '2026-05-23 10:42:04', NULL, 2, 5, '2026-05-21 18:00:14', '2026-05-21 18:00:14', NULL);
INSERT INTO "pedidos" ("id", "usuario_id", "estado_pedido", "fecha_pedido", "fecha_requerida", "fecha_envio", "tienda_id", "personal_id", "created_at", "updated_at", "deleted_at") VALUES (96, 33, 4, '2025-12-03 21:48:15', '2025-12-13 21:48:15', '2025-12-07 21:48:15', 3, 2, '2026-05-21 18:00:14', '2026-05-21 18:00:14', NULL);
INSERT INTO "pedidos" ("id", "usuario_id", "estado_pedido", "fecha_pedido", "fecha_requerida", "fecha_envio", "tienda_id", "personal_id", "created_at", "updated_at", "deleted_at") VALUES (97, 33, 3, '2026-01-28 12:22:24', '2026-02-02 12:22:24', NULL, 1, 10, '2026-05-21 18:00:14', '2026-05-21 18:00:14', NULL);
INSERT INTO "pedidos" ("id", "usuario_id", "estado_pedido", "fecha_pedido", "fecha_requerida", "fecha_envio", "tienda_id", "personal_id", "created_at", "updated_at", "deleted_at") VALUES (98, 33, 1, '2026-03-01 19:23:51', '2026-03-05 19:23:51', NULL, 1, 1, '2026-05-21 18:00:14', '2026-05-21 18:00:14', NULL);
INSERT INTO "pedidos" ("id", "usuario_id", "estado_pedido", "fecha_pedido", "fecha_requerida", "fecha_envio", "tienda_id", "personal_id", "created_at", "updated_at", "deleted_at") VALUES (99, 33, 3, '2025-11-20 00:54:38', '2025-11-26 00:54:38', NULL, 1, 9, '2026-05-21 18:00:14', '2026-05-21 18:00:14', NULL);
INSERT INTO "pedidos" ("id", "usuario_id", "estado_pedido", "fecha_pedido", "fecha_requerida", "fecha_envio", "tienda_id", "personal_id", "created_at", "updated_at", "deleted_at") VALUES (100, 34, 3, '2026-02-09 12:13:00', '2026-02-18 12:13:00', NULL, 1, 3, '2026-05-21 18:00:15', '2026-05-21 18:00:15', NULL);
INSERT INTO "pedidos" ("id", "usuario_id", "estado_pedido", "fecha_pedido", "fecha_requerida", "fecha_envio", "tienda_id", "personal_id", "created_at", "updated_at", "deleted_at") VALUES (101, 34, 4, '2026-02-06 12:04:58', '2026-02-15 12:04:58', '2026-02-09 12:04:58', 3, 4, '2026-05-21 18:00:15', '2026-05-21 18:00:15', NULL);
INSERT INTO "pedidos" ("id", "usuario_id", "estado_pedido", "fecha_pedido", "fecha_requerida", "fecha_envio", "tienda_id", "personal_id", "created_at", "updated_at", "deleted_at") VALUES (102, 34, 4, '2025-12-04 08:17:08', '2025-12-13 08:17:08', '2025-12-06 08:17:08', 3, 9, '2026-05-21 18:00:15', '2026-05-21 18:00:15', NULL);
INSERT INTO "pedidos" ("id", "usuario_id", "estado_pedido", "fecha_pedido", "fecha_requerida", "fecha_envio", "tienda_id", "personal_id", "created_at", "updated_at", "deleted_at") VALUES (103, 34, 3, '2025-12-07 10:40:53', '2025-12-15 10:40:53', NULL, 3, 1, '2026-05-21 18:00:15', '2026-05-21 18:00:15', NULL);
INSERT INTO "pedidos" ("id", "usuario_id", "estado_pedido", "fecha_pedido", "fecha_requerida", "fecha_envio", "tienda_id", "personal_id", "created_at", "updated_at", "deleted_at") VALUES (104, 34, 3, '2026-03-03 00:36:23', '2026-03-09 00:36:23', NULL, 1, 10, '2026-05-21 18:00:15', '2026-05-21 18:00:15', NULL);
INSERT INTO "pedidos" ("id", "usuario_id", "estado_pedido", "fecha_pedido", "fecha_requerida", "fecha_envio", "tienda_id", "personal_id", "created_at", "updated_at", "deleted_at") VALUES (105, 35, 3, '2026-02-28 13:17:00', '2026-03-07 13:17:00', NULL, 1, 8, '2026-05-21 18:00:15', '2026-05-21 18:00:15', NULL);
INSERT INTO "pedidos" ("id", "usuario_id", "estado_pedido", "fecha_pedido", "fecha_requerida", "fecha_envio", "tienda_id", "personal_id", "created_at", "updated_at", "deleted_at") VALUES (106, 35, 3, '2026-05-06 09:48:46', '2026-05-13 09:48:46', NULL, 3, 1, '2026-05-21 18:00:15', '2026-05-21 18:00:15', NULL);
INSERT INTO "pedidos" ("id", "usuario_id", "estado_pedido", "fecha_pedido", "fecha_requerida", "fecha_envio", "tienda_id", "personal_id", "created_at", "updated_at", "deleted_at") VALUES (107, 35, 4, '2025-12-07 21:21:34', '2025-12-16 21:21:34', '2025-12-09 21:21:34', 1, 1, '2026-05-21 18:00:15', '2026-05-21 18:00:15', NULL);
INSERT INTO "pedidos" ("id", "usuario_id", "estado_pedido", "fecha_pedido", "fecha_requerida", "fecha_envio", "tienda_id", "personal_id", "created_at", "updated_at", "deleted_at") VALUES (108, 35, 2, '2025-11-30 06:21:09', '2025-12-05 06:21:09', NULL, 2, 5, '2026-05-21 18:00:15', '2026-05-21 18:00:15', NULL);
INSERT INTO "pedidos" ("id", "usuario_id", "estado_pedido", "fecha_pedido", "fecha_requerida", "fecha_envio", "tienda_id", "personal_id", "created_at", "updated_at", "deleted_at") VALUES (109, 36, 2, '2025-05-30 05:00:57', '2025-06-08 05:00:57', NULL, 1, 2, '2026-05-21 18:00:15', '2026-05-21 18:00:15', NULL);
INSERT INTO "pedidos" ("id", "usuario_id", "estado_pedido", "fecha_pedido", "fecha_requerida", "fecha_envio", "tienda_id", "personal_id", "created_at", "updated_at", "deleted_at") VALUES (110, 36, 1, '2025-07-11 04:27:59', '2025-07-16 04:27:59', NULL, 1, 5, '2026-05-21 18:00:15', '2026-05-21 18:00:15', NULL);
INSERT INTO "pedidos" ("id", "usuario_id", "estado_pedido", "fecha_pedido", "fecha_requerida", "fecha_envio", "tienda_id", "personal_id", "created_at", "updated_at", "deleted_at") VALUES (111, 36, 3, '2025-11-06 22:33:21', '2025-11-16 22:33:21', NULL, 1, 8, '2026-05-21 18:00:15', '2026-05-21 18:00:15', NULL);
INSERT INTO "pedidos" ("id", "usuario_id", "estado_pedido", "fecha_pedido", "fecha_requerida", "fecha_envio", "tienda_id", "personal_id", "created_at", "updated_at", "deleted_at") VALUES (112, 36, 3, '2026-03-19 04:51:19', '2026-03-25 04:51:19', NULL, 1, 9, '2026-05-21 18:00:15', '2026-05-21 18:00:15', NULL);
INSERT INTO "pedidos" ("id", "usuario_id", "estado_pedido", "fecha_pedido", "fecha_requerida", "fecha_envio", "tienda_id", "personal_id", "created_at", "updated_at", "deleted_at") VALUES (113, 36, 4, '2025-09-14 14:34:55', '2025-09-19 14:34:55', '2025-09-16 14:34:55', 3, 10, '2026-05-21 18:00:15', '2026-05-21 18:00:15', NULL);
INSERT INTO "pedidos" ("id", "usuario_id", "estado_pedido", "fecha_pedido", "fecha_requerida", "fecha_envio", "tienda_id", "personal_id", "created_at", "updated_at", "deleted_at") VALUES (114, 37, 3, '2025-12-21 15:42:07', '2025-12-25 15:42:07', NULL, 1, 6, '2026-05-21 18:00:15', '2026-05-21 18:00:15', NULL);
INSERT INTO "pedidos" ("id", "usuario_id", "estado_pedido", "fecha_pedido", "fecha_requerida", "fecha_envio", "tienda_id", "personal_id", "created_at", "updated_at", "deleted_at") VALUES (115, 38, 3, '2025-07-28 23:34:22', '2025-08-07 23:34:22', NULL, 3, 5, '2026-05-21 18:00:15', '2026-05-21 18:00:15', NULL);
INSERT INTO "pedidos" ("id", "usuario_id", "estado_pedido", "fecha_pedido", "fecha_requerida", "fecha_envio", "tienda_id", "personal_id", "created_at", "updated_at", "deleted_at") VALUES (116, 39, 4, '2025-11-26 05:38:22', '2025-12-04 05:38:22', '2025-11-30 05:38:22', 2, 6, '2026-05-21 18:00:15', '2026-05-21 18:00:15', NULL);
INSERT INTO "pedidos" ("id", "usuario_id", "estado_pedido", "fecha_pedido", "fecha_requerida", "fecha_envio", "tienda_id", "personal_id", "created_at", "updated_at", "deleted_at") VALUES (117, 39, 2, '2025-10-23 18:58:28', '2025-10-31 18:58:28', NULL, 2, 1, '2026-05-21 18:00:15', '2026-05-21 18:00:15', NULL);
INSERT INTO "pedidos" ("id", "usuario_id", "estado_pedido", "fecha_pedido", "fecha_requerida", "fecha_envio", "tienda_id", "personal_id", "created_at", "updated_at", "deleted_at") VALUES (118, 39, 3, '2026-01-04 20:18:29', '2026-01-13 20:18:29', NULL, 1, 8, '2026-05-21 18:00:15', '2026-05-21 18:00:15', NULL);
INSERT INTO "pedidos" ("id", "usuario_id", "estado_pedido", "fecha_pedido", "fecha_requerida", "fecha_envio", "tienda_id", "personal_id", "created_at", "updated_at", "deleted_at") VALUES (119, 40, 1, '2025-10-16 23:37:00', '2025-10-21 23:37:00', NULL, 2, 9, '2026-05-21 18:00:15', '2026-05-21 18:00:15', NULL);
INSERT INTO "pedidos" ("id", "usuario_id", "estado_pedido", "fecha_pedido", "fecha_requerida", "fecha_envio", "tienda_id", "personal_id", "created_at", "updated_at", "deleted_at") VALUES (120, 40, 4, '2026-02-25 00:54:40', '2026-03-07 00:54:40', '2026-02-28 00:54:40', 3, 1, '2026-05-21 18:00:15', '2026-05-21 18:00:15', NULL);
INSERT INTO "pedidos" ("id", "usuario_id", "estado_pedido", "fecha_pedido", "fecha_requerida", "fecha_envio", "tienda_id", "personal_id", "created_at", "updated_at", "deleted_at") VALUES (121, 41, 3, '2025-07-12 07:30:44', '2025-07-19 07:30:44', NULL, 1, 6, '2026-05-21 18:00:15', '2026-05-21 18:00:15', NULL);
INSERT INTO "pedidos" ("id", "usuario_id", "estado_pedido", "fecha_pedido", "fecha_requerida", "fecha_envio", "tienda_id", "personal_id", "created_at", "updated_at", "deleted_at") VALUES (122, 41, 2, '2026-03-18 16:58:15', '2026-03-27 16:58:15', NULL, 3, 10, '2026-05-21 18:00:15', '2026-05-21 18:00:15', NULL);
INSERT INTO "pedidos" ("id", "usuario_id", "estado_pedido", "fecha_pedido", "fecha_requerida", "fecha_envio", "tienda_id", "personal_id", "created_at", "updated_at", "deleted_at") VALUES (123, 41, 4, '2026-04-11 03:47:13', '2026-04-19 03:47:13', '2026-04-13 03:47:13', 1, 2, '2026-05-21 18:00:15', '2026-05-21 18:00:15', NULL);
INSERT INTO "pedidos" ("id", "usuario_id", "estado_pedido", "fecha_pedido", "fecha_requerida", "fecha_envio", "tienda_id", "personal_id", "created_at", "updated_at", "deleted_at") VALUES (124, 41, 1, '2026-04-21 16:51:31', '2026-05-01 16:51:31', NULL, 1, 5, '2026-05-21 18:00:15', '2026-05-21 18:00:15', NULL);
INSERT INTO "pedidos" ("id", "usuario_id", "estado_pedido", "fecha_pedido", "fecha_requerida", "fecha_envio", "tienda_id", "personal_id", "created_at", "updated_at", "deleted_at") VALUES (125, 41, 3, '2026-03-07 00:42:26', '2026-03-10 00:42:26', NULL, 2, 10, '2026-05-21 18:00:15', '2026-05-21 18:00:15', NULL);

DROP TABLE IF EXISTS "items_pedido";
CREATE TABLE "items_pedido" ("id" integer primary key autoincrement not null, "pedido_id" integer not null, "item_id" integer not null, "producto_id" integer not null, "cantidad" integer not null default '1', "precio_lista" numeric not null default '0', "descuento" numeric not null default '0', "deleted_at" datetime, foreign key("pedido_id") references "pedidos"("id") on delete cascade, foreign key("producto_id") references "productos"("id") on delete restrict);

INSERT INTO "items_pedido" ("id", "pedido_id", "item_id", "producto_id", "cantidad", "precio_lista", "descuento", "deleted_at") VALUES (1, 1, 1, 5, 4, 1727.3, 20, NULL);
INSERT INTO "items_pedido" ("id", "pedido_id", "item_id", "producto_id", "cantidad", "precio_lista", "descuento", "deleted_at") VALUES (2, 1, 2, 29, 3, 718.27, 15, NULL);
INSERT INTO "items_pedido" ("id", "pedido_id", "item_id", "producto_id", "cantidad", "precio_lista", "descuento", "deleted_at") VALUES (3, 2, 1, 41, 5, 471.3, 15, NULL);
INSERT INTO "items_pedido" ("id", "pedido_id", "item_id", "producto_id", "cantidad", "precio_lista", "descuento", "deleted_at") VALUES (4, 3, 1, 8, 4, 2764.14, 15, NULL);
INSERT INTO "items_pedido" ("id", "pedido_id", "item_id", "producto_id", "cantidad", "precio_lista", "descuento", "deleted_at") VALUES (5, 3, 2, 12, 3, 517.96, 0, NULL);
INSERT INTO "items_pedido" ("id", "pedido_id", "item_id", "producto_id", "cantidad", "precio_lista", "descuento", "deleted_at") VALUES (6, 4, 1, 43, 3, 1925.46, 0, NULL);
INSERT INTO "items_pedido" ("id", "pedido_id", "item_id", "producto_id", "cantidad", "precio_lista", "descuento", "deleted_at") VALUES (7, 4, 2, 22, 5, 2845.51, 15, NULL);
INSERT INTO "items_pedido" ("id", "pedido_id", "item_id", "producto_id", "cantidad", "precio_lista", "descuento", "deleted_at") VALUES (8, 4, 3, 18, 1, 710.75, 20, NULL);
INSERT INTO "items_pedido" ("id", "pedido_id", "item_id", "producto_id", "cantidad", "precio_lista", "descuento", "deleted_at") VALUES (9, 5, 1, 34, 4, 2958.77, 15, NULL);
INSERT INTO "items_pedido" ("id", "pedido_id", "item_id", "producto_id", "cantidad", "precio_lista", "descuento", "deleted_at") VALUES (10, 5, 2, 19, 2, 2648.59, 0, NULL);
INSERT INTO "items_pedido" ("id", "pedido_id", "item_id", "producto_id", "cantidad", "precio_lista", "descuento", "deleted_at") VALUES (11, 5, 3, 32, 1, 1046.68, 15, NULL);
INSERT INTO "items_pedido" ("id", "pedido_id", "item_id", "producto_id", "cantidad", "precio_lista", "descuento", "deleted_at") VALUES (12, 5, 4, 16, 1, 2022.99, 0, NULL);
INSERT INTO "items_pedido" ("id", "pedido_id", "item_id", "producto_id", "cantidad", "precio_lista", "descuento", "deleted_at") VALUES (13, 6, 1, 33, 3, 405.07, 20, NULL);
INSERT INTO "items_pedido" ("id", "pedido_id", "item_id", "producto_id", "cantidad", "precio_lista", "descuento", "deleted_at") VALUES (14, 6, 2, 32, 3, 1046.68, 5, NULL);
INSERT INTO "items_pedido" ("id", "pedido_id", "item_id", "producto_id", "cantidad", "precio_lista", "descuento", "deleted_at") VALUES (15, 7, 1, 2, 5, 1199.28, 15, NULL);
INSERT INTO "items_pedido" ("id", "pedido_id", "item_id", "producto_id", "cantidad", "precio_lista", "descuento", "deleted_at") VALUES (16, 7, 2, 45, 5, 2935.56, 20, NULL);
INSERT INTO "items_pedido" ("id", "pedido_id", "item_id", "producto_id", "cantidad", "precio_lista", "descuento", "deleted_at") VALUES (17, 7, 3, 10, 4, 204.43, 5, NULL);
INSERT INTO "items_pedido" ("id", "pedido_id", "item_id", "producto_id", "cantidad", "precio_lista", "descuento", "deleted_at") VALUES (18, 7, 4, 49, 3, 1593.96, 5, NULL);
INSERT INTO "items_pedido" ("id", "pedido_id", "item_id", "producto_id", "cantidad", "precio_lista", "descuento", "deleted_at") VALUES (19, 8, 1, 5, 5, 1727.3, 20, NULL);
INSERT INTO "items_pedido" ("id", "pedido_id", "item_id", "producto_id", "cantidad", "precio_lista", "descuento", "deleted_at") VALUES (20, 8, 2, 14, 5, 2824.51, 5, NULL);
INSERT INTO "items_pedido" ("id", "pedido_id", "item_id", "producto_id", "cantidad", "precio_lista", "descuento", "deleted_at") VALUES (21, 8, 3, 36, 2, 285.01, 0, NULL);
INSERT INTO "items_pedido" ("id", "pedido_id", "item_id", "producto_id", "cantidad", "precio_lista", "descuento", "deleted_at") VALUES (22, 9, 1, 37, 4, 305.97, 20, NULL);
INSERT INTO "items_pedido" ("id", "pedido_id", "item_id", "producto_id", "cantidad", "precio_lista", "descuento", "deleted_at") VALUES (23, 9, 2, 41, 5, 471.3, 5, NULL);
INSERT INTO "items_pedido" ("id", "pedido_id", "item_id", "producto_id", "cantidad", "precio_lista", "descuento", "deleted_at") VALUES (24, 9, 3, 4, 1, 1991.31, 20, NULL);
INSERT INTO "items_pedido" ("id", "pedido_id", "item_id", "producto_id", "cantidad", "precio_lista", "descuento", "deleted_at") VALUES (25, 9, 4, 43, 2, 1925.46, 15, NULL);
INSERT INTO "items_pedido" ("id", "pedido_id", "item_id", "producto_id", "cantidad", "precio_lista", "descuento", "deleted_at") VALUES (26, 10, 1, 35, 4, 977.59, 5, NULL);
INSERT INTO "items_pedido" ("id", "pedido_id", "item_id", "producto_id", "cantidad", "precio_lista", "descuento", "deleted_at") VALUES (27, 10, 2, 47, 4, 1694.01, 5, NULL);
INSERT INTO "items_pedido" ("id", "pedido_id", "item_id", "producto_id", "cantidad", "precio_lista", "descuento", "deleted_at") VALUES (28, 11, 1, 24, 1, 1139.91, 10, NULL);
INSERT INTO "items_pedido" ("id", "pedido_id", "item_id", "producto_id", "cantidad", "precio_lista", "descuento", "deleted_at") VALUES (29, 11, 2, 13, 1, 258.65, 5, NULL);
INSERT INTO "items_pedido" ("id", "pedido_id", "item_id", "producto_id", "cantidad", "precio_lista", "descuento", "deleted_at") VALUES (30, 11, 3, 11, 4, 2443.87, 15, NULL);
INSERT INTO "items_pedido" ("id", "pedido_id", "item_id", "producto_id", "cantidad", "precio_lista", "descuento", "deleted_at") VALUES (31, 12, 1, 31, 2, 1137.11, 10, NULL);
INSERT INTO "items_pedido" ("id", "pedido_id", "item_id", "producto_id", "cantidad", "precio_lista", "descuento", "deleted_at") VALUES (32, 13, 1, 49, 1, 1593.96, 20, NULL);
INSERT INTO "items_pedido" ("id", "pedido_id", "item_id", "producto_id", "cantidad", "precio_lista", "descuento", "deleted_at") VALUES (33, 13, 2, 14, 4, 2824.51, 0, NULL);
INSERT INTO "items_pedido" ("id", "pedido_id", "item_id", "producto_id", "cantidad", "precio_lista", "descuento", "deleted_at") VALUES (34, 13, 3, 25, 4, 2036.8, 15, NULL);
INSERT INTO "items_pedido" ("id", "pedido_id", "item_id", "producto_id", "cantidad", "precio_lista", "descuento", "deleted_at") VALUES (35, 14, 1, 34, 5, 2958.77, 10, NULL);
INSERT INTO "items_pedido" ("id", "pedido_id", "item_id", "producto_id", "cantidad", "precio_lista", "descuento", "deleted_at") VALUES (36, 14, 2, 11, 4, 2443.87, 20, NULL);
INSERT INTO "items_pedido" ("id", "pedido_id", "item_id", "producto_id", "cantidad", "precio_lista", "descuento", "deleted_at") VALUES (37, 15, 1, 15, 3, 784.19, 15, NULL);
INSERT INTO "items_pedido" ("id", "pedido_id", "item_id", "producto_id", "cantidad", "precio_lista", "descuento", "deleted_at") VALUES (38, 15, 2, 39, 4, 1031.05, 10, NULL);
INSERT INTO "items_pedido" ("id", "pedido_id", "item_id", "producto_id", "cantidad", "precio_lista", "descuento", "deleted_at") VALUES (39, 15, 3, 26, 1, 2982.79, 0, NULL);
INSERT INTO "items_pedido" ("id", "pedido_id", "item_id", "producto_id", "cantidad", "precio_lista", "descuento", "deleted_at") VALUES (40, 15, 4, 47, 4, 1694.01, 10, NULL);
INSERT INTO "items_pedido" ("id", "pedido_id", "item_id", "producto_id", "cantidad", "precio_lista", "descuento", "deleted_at") VALUES (41, 16, 1, 22, 5, 2845.51, 15, NULL);
INSERT INTO "items_pedido" ("id", "pedido_id", "item_id", "producto_id", "cantidad", "precio_lista", "descuento", "deleted_at") VALUES (42, 16, 2, 32, 3, 1046.68, 10, NULL);
INSERT INTO "items_pedido" ("id", "pedido_id", "item_id", "producto_id", "cantidad", "precio_lista", "descuento", "deleted_at") VALUES (43, 17, 1, 44, 3, 375.74, 10, NULL);
INSERT INTO "items_pedido" ("id", "pedido_id", "item_id", "producto_id", "cantidad", "precio_lista", "descuento", "deleted_at") VALUES (44, 18, 1, 10, 2, 204.43, 5, NULL);
INSERT INTO "items_pedido" ("id", "pedido_id", "item_id", "producto_id", "cantidad", "precio_lista", "descuento", "deleted_at") VALUES (45, 18, 2, 19, 4, 2648.59, 0, NULL);
INSERT INTO "items_pedido" ("id", "pedido_id", "item_id", "producto_id", "cantidad", "precio_lista", "descuento", "deleted_at") VALUES (46, 18, 3, 12, 3, 517.96, 10, NULL);
INSERT INTO "items_pedido" ("id", "pedido_id", "item_id", "producto_id", "cantidad", "precio_lista", "descuento", "deleted_at") VALUES (47, 19, 1, 8, 5, 2764.14, 0, NULL);
INSERT INTO "items_pedido" ("id", "pedido_id", "item_id", "producto_id", "cantidad", "precio_lista", "descuento", "deleted_at") VALUES (48, 19, 2, 33, 3, 405.07, 10, NULL);
INSERT INTO "items_pedido" ("id", "pedido_id", "item_id", "producto_id", "cantidad", "precio_lista", "descuento", "deleted_at") VALUES (49, 19, 3, 13, 3, 258.65, 10, NULL);
INSERT INTO "items_pedido" ("id", "pedido_id", "item_id", "producto_id", "cantidad", "precio_lista", "descuento", "deleted_at") VALUES (50, 20, 1, 16, 4, 2022.99, 15, NULL);
INSERT INTO "items_pedido" ("id", "pedido_id", "item_id", "producto_id", "cantidad", "precio_lista", "descuento", "deleted_at") VALUES (51, 20, 2, 26, 2, 2982.79, 0, NULL);
INSERT INTO "items_pedido" ("id", "pedido_id", "item_id", "producto_id", "cantidad", "precio_lista", "descuento", "deleted_at") VALUES (52, 21, 1, 40, 5, 1825.42, 5, NULL);
INSERT INTO "items_pedido" ("id", "pedido_id", "item_id", "producto_id", "cantidad", "precio_lista", "descuento", "deleted_at") VALUES (53, 22, 1, 15, 4, 784.19, 15, NULL);
INSERT INTO "items_pedido" ("id", "pedido_id", "item_id", "producto_id", "cantidad", "precio_lista", "descuento", "deleted_at") VALUES (54, 22, 2, 35, 2, 977.59, 5, NULL);
INSERT INTO "items_pedido" ("id", "pedido_id", "item_id", "producto_id", "cantidad", "precio_lista", "descuento", "deleted_at") VALUES (55, 22, 3, 36, 5, 285.01, 20, NULL);
INSERT INTO "items_pedido" ("id", "pedido_id", "item_id", "producto_id", "cantidad", "precio_lista", "descuento", "deleted_at") VALUES (56, 22, 4, 9, 2, 964.9, 5, NULL);
INSERT INTO "items_pedido" ("id", "pedido_id", "item_id", "producto_id", "cantidad", "precio_lista", "descuento", "deleted_at") VALUES (57, 23, 1, 14, 3, 2824.51, 20, NULL);
INSERT INTO "items_pedido" ("id", "pedido_id", "item_id", "producto_id", "cantidad", "precio_lista", "descuento", "deleted_at") VALUES (58, 23, 2, 34, 4, 2958.77, 20, NULL);
INSERT INTO "items_pedido" ("id", "pedido_id", "item_id", "producto_id", "cantidad", "precio_lista", "descuento", "deleted_at") VALUES (59, 23, 3, 36, 4, 285.01, 5, NULL);
INSERT INTO "items_pedido" ("id", "pedido_id", "item_id", "producto_id", "cantidad", "precio_lista", "descuento", "deleted_at") VALUES (60, 24, 1, 14, 3, 2824.51, 20, NULL);
INSERT INTO "items_pedido" ("id", "pedido_id", "item_id", "producto_id", "cantidad", "precio_lista", "descuento", "deleted_at") VALUES (61, 24, 2, 7, 5, 1804.29, 15, NULL);
INSERT INTO "items_pedido" ("id", "pedido_id", "item_id", "producto_id", "cantidad", "precio_lista", "descuento", "deleted_at") VALUES (62, 24, 3, 22, 2, 2845.51, 5, NULL);
INSERT INTO "items_pedido" ("id", "pedido_id", "item_id", "producto_id", "cantidad", "precio_lista", "descuento", "deleted_at") VALUES (63, 25, 1, 31, 1, 1137.11, 20, NULL);
INSERT INTO "items_pedido" ("id", "pedido_id", "item_id", "producto_id", "cantidad", "precio_lista", "descuento", "deleted_at") VALUES (64, 25, 2, 42, 1, 1428.39, 10, NULL);
INSERT INTO "items_pedido" ("id", "pedido_id", "item_id", "producto_id", "cantidad", "precio_lista", "descuento", "deleted_at") VALUES (65, 25, 3, 32, 5, 1046.68, 0, NULL);
INSERT INTO "items_pedido" ("id", "pedido_id", "item_id", "producto_id", "cantidad", "precio_lista", "descuento", "deleted_at") VALUES (66, 26, 1, 18, 5, 710.75, 15, NULL);
INSERT INTO "items_pedido" ("id", "pedido_id", "item_id", "producto_id", "cantidad", "precio_lista", "descuento", "deleted_at") VALUES (67, 26, 2, 17, 5, 1583.98, 5, NULL);
INSERT INTO "items_pedido" ("id", "pedido_id", "item_id", "producto_id", "cantidad", "precio_lista", "descuento", "deleted_at") VALUES (68, 26, 3, 30, 2, 2575.44, 5, NULL);
INSERT INTO "items_pedido" ("id", "pedido_id", "item_id", "producto_id", "cantidad", "precio_lista", "descuento", "deleted_at") VALUES (69, 26, 4, 44, 5, 375.74, 0, NULL);
INSERT INTO "items_pedido" ("id", "pedido_id", "item_id", "producto_id", "cantidad", "precio_lista", "descuento", "deleted_at") VALUES (70, 27, 1, 14, 5, 2824.51, 0, NULL);
INSERT INTO "items_pedido" ("id", "pedido_id", "item_id", "producto_id", "cantidad", "precio_lista", "descuento", "deleted_at") VALUES (71, 27, 2, 33, 4, 405.07, 10, NULL);
INSERT INTO "items_pedido" ("id", "pedido_id", "item_id", "producto_id", "cantidad", "precio_lista", "descuento", "deleted_at") VALUES (72, 27, 3, 43, 3, 1925.46, 15, NULL);
INSERT INTO "items_pedido" ("id", "pedido_id", "item_id", "producto_id", "cantidad", "precio_lista", "descuento", "deleted_at") VALUES (73, 27, 4, 29, 1, 718.27, 20, NULL);
INSERT INTO "items_pedido" ("id", "pedido_id", "item_id", "producto_id", "cantidad", "precio_lista", "descuento", "deleted_at") VALUES (74, 28, 1, 15, 4, 784.19, 20, NULL);
INSERT INTO "items_pedido" ("id", "pedido_id", "item_id", "producto_id", "cantidad", "precio_lista", "descuento", "deleted_at") VALUES (75, 28, 2, 25, 1, 2036.8, 5, NULL);
INSERT INTO "items_pedido" ("id", "pedido_id", "item_id", "producto_id", "cantidad", "precio_lista", "descuento", "deleted_at") VALUES (76, 28, 3, 19, 2, 2648.59, 15, NULL);
INSERT INTO "items_pedido" ("id", "pedido_id", "item_id", "producto_id", "cantidad", "precio_lista", "descuento", "deleted_at") VALUES (77, 28, 4, 27, 5, 1584.09, 15, NULL);
INSERT INTO "items_pedido" ("id", "pedido_id", "item_id", "producto_id", "cantidad", "precio_lista", "descuento", "deleted_at") VALUES (78, 29, 1, 4, 2, 1991.31, 5, NULL);
INSERT INTO "items_pedido" ("id", "pedido_id", "item_id", "producto_id", "cantidad", "precio_lista", "descuento", "deleted_at") VALUES (79, 29, 2, 46, 4, 2313.15, 20, NULL);
INSERT INTO "items_pedido" ("id", "pedido_id", "item_id", "producto_id", "cantidad", "precio_lista", "descuento", "deleted_at") VALUES (80, 29, 3, 43, 4, 1925.46, 10, NULL);
INSERT INTO "items_pedido" ("id", "pedido_id", "item_id", "producto_id", "cantidad", "precio_lista", "descuento", "deleted_at") VALUES (81, 30, 1, 22, 1, 2845.51, 0, NULL);
INSERT INTO "items_pedido" ("id", "pedido_id", "item_id", "producto_id", "cantidad", "precio_lista", "descuento", "deleted_at") VALUES (82, 30, 2, 33, 2, 405.07, 0, NULL);
INSERT INTO "items_pedido" ("id", "pedido_id", "item_id", "producto_id", "cantidad", "precio_lista", "descuento", "deleted_at") VALUES (83, 30, 3, 46, 4, 2313.15, 20, NULL);
INSERT INTO "items_pedido" ("id", "pedido_id", "item_id", "producto_id", "cantidad", "precio_lista", "descuento", "deleted_at") VALUES (84, 31, 1, 24, 2, 1139.91, 10, NULL);
INSERT INTO "items_pedido" ("id", "pedido_id", "item_id", "producto_id", "cantidad", "precio_lista", "descuento", "deleted_at") VALUES (85, 31, 2, 10, 1, 204.43, 10, NULL);
INSERT INTO "items_pedido" ("id", "pedido_id", "item_id", "producto_id", "cantidad", "precio_lista", "descuento", "deleted_at") VALUES (86, 31, 3, 39, 1, 1031.05, 20, NULL);
INSERT INTO "items_pedido" ("id", "pedido_id", "item_id", "producto_id", "cantidad", "precio_lista", "descuento", "deleted_at") VALUES (87, 31, 4, 34, 1, 2958.77, 5, NULL);
INSERT INTO "items_pedido" ("id", "pedido_id", "item_id", "producto_id", "cantidad", "precio_lista", "descuento", "deleted_at") VALUES (88, 32, 1, 11, 5, 2443.87, 15, NULL);
INSERT INTO "items_pedido" ("id", "pedido_id", "item_id", "producto_id", "cantidad", "precio_lista", "descuento", "deleted_at") VALUES (89, 32, 2, 6, 2, 338.42, 15, NULL);
INSERT INTO "items_pedido" ("id", "pedido_id", "item_id", "producto_id", "cantidad", "precio_lista", "descuento", "deleted_at") VALUES (90, 33, 1, 28, 4, 288.4, 0, NULL);
INSERT INTO "items_pedido" ("id", "pedido_id", "item_id", "producto_id", "cantidad", "precio_lista", "descuento", "deleted_at") VALUES (91, 33, 2, 11, 4, 2443.87, 15, NULL);
INSERT INTO "items_pedido" ("id", "pedido_id", "item_id", "producto_id", "cantidad", "precio_lista", "descuento", "deleted_at") VALUES (92, 33, 3, 7, 4, 1804.29, 0, NULL);
INSERT INTO "items_pedido" ("id", "pedido_id", "item_id", "producto_id", "cantidad", "precio_lista", "descuento", "deleted_at") VALUES (93, 34, 1, 44, 4, 375.74, 10, NULL);
INSERT INTO "items_pedido" ("id", "pedido_id", "item_id", "producto_id", "cantidad", "precio_lista", "descuento", "deleted_at") VALUES (94, 34, 2, 25, 2, 2036.8, 20, NULL);
INSERT INTO "items_pedido" ("id", "pedido_id", "item_id", "producto_id", "cantidad", "precio_lista", "descuento", "deleted_at") VALUES (95, 34, 3, 19, 1, 2648.59, 15, NULL);
INSERT INTO "items_pedido" ("id", "pedido_id", "item_id", "producto_id", "cantidad", "precio_lista", "descuento", "deleted_at") VALUES (96, 34, 4, 2, 3, 1199.28, 10, NULL);
INSERT INTO "items_pedido" ("id", "pedido_id", "item_id", "producto_id", "cantidad", "precio_lista", "descuento", "deleted_at") VALUES (97, 35, 1, 20, 3, 1218.59, 20, NULL);
INSERT INTO "items_pedido" ("id", "pedido_id", "item_id", "producto_id", "cantidad", "precio_lista", "descuento", "deleted_at") VALUES (98, 35, 2, 4, 1, 1991.31, 5, NULL);
INSERT INTO "items_pedido" ("id", "pedido_id", "item_id", "producto_id", "cantidad", "precio_lista", "descuento", "deleted_at") VALUES (99, 36, 1, 47, 2, 1694.01, 0, NULL);
INSERT INTO "items_pedido" ("id", "pedido_id", "item_id", "producto_id", "cantidad", "precio_lista", "descuento", "deleted_at") VALUES (100, 36, 2, 39, 1, 1031.05, 5, NULL);
INSERT INTO "items_pedido" ("id", "pedido_id", "item_id", "producto_id", "cantidad", "precio_lista", "descuento", "deleted_at") VALUES (101, 36, 3, 9, 5, 964.9, 0, NULL);
INSERT INTO "items_pedido" ("id", "pedido_id", "item_id", "producto_id", "cantidad", "precio_lista", "descuento", "deleted_at") VALUES (102, 36, 4, 11, 2, 2443.87, 0, NULL);
INSERT INTO "items_pedido" ("id", "pedido_id", "item_id", "producto_id", "cantidad", "precio_lista", "descuento", "deleted_at") VALUES (103, 37, 1, 38, 5, 1494.89, 0, NULL);
INSERT INTO "items_pedido" ("id", "pedido_id", "item_id", "producto_id", "cantidad", "precio_lista", "descuento", "deleted_at") VALUES (104, 37, 2, 33, 5, 405.07, 10, NULL);
INSERT INTO "items_pedido" ("id", "pedido_id", "item_id", "producto_id", "cantidad", "precio_lista", "descuento", "deleted_at") VALUES (105, 37, 3, 43, 1, 1925.46, 5, NULL);
INSERT INTO "items_pedido" ("id", "pedido_id", "item_id", "producto_id", "cantidad", "precio_lista", "descuento", "deleted_at") VALUES (106, 38, 1, 2, 3, 1199.28, 20, NULL);
INSERT INTO "items_pedido" ("id", "pedido_id", "item_id", "producto_id", "cantidad", "precio_lista", "descuento", "deleted_at") VALUES (107, 38, 2, 15, 1, 784.19, 0, NULL);
INSERT INTO "items_pedido" ("id", "pedido_id", "item_id", "producto_id", "cantidad", "precio_lista", "descuento", "deleted_at") VALUES (108, 38, 3, 4, 3, 1991.31, 20, NULL);
INSERT INTO "items_pedido" ("id", "pedido_id", "item_id", "producto_id", "cantidad", "precio_lista", "descuento", "deleted_at") VALUES (109, 38, 4, 9, 5, 964.9, 5, NULL);
INSERT INTO "items_pedido" ("id", "pedido_id", "item_id", "producto_id", "cantidad", "precio_lista", "descuento", "deleted_at") VALUES (110, 39, 1, 3, 5, 2815.53, 0, NULL);
INSERT INTO "items_pedido" ("id", "pedido_id", "item_id", "producto_id", "cantidad", "precio_lista", "descuento", "deleted_at") VALUES (111, 40, 1, 17, 5, 1583.98, 0, NULL);
INSERT INTO "items_pedido" ("id", "pedido_id", "item_id", "producto_id", "cantidad", "precio_lista", "descuento", "deleted_at") VALUES (112, 40, 2, 28, 2, 288.4, 10, NULL);
INSERT INTO "items_pedido" ("id", "pedido_id", "item_id", "producto_id", "cantidad", "precio_lista", "descuento", "deleted_at") VALUES (113, 41, 1, 2, 1, 1199.28, 10, NULL);
INSERT INTO "items_pedido" ("id", "pedido_id", "item_id", "producto_id", "cantidad", "precio_lista", "descuento", "deleted_at") VALUES (114, 41, 2, 18, 2, 710.75, 5, NULL);
INSERT INTO "items_pedido" ("id", "pedido_id", "item_id", "producto_id", "cantidad", "precio_lista", "descuento", "deleted_at") VALUES (115, 41, 3, 27, 4, 1584.09, 0, NULL);
INSERT INTO "items_pedido" ("id", "pedido_id", "item_id", "producto_id", "cantidad", "precio_lista", "descuento", "deleted_at") VALUES (116, 42, 1, 25, 4, 2036.8, 10, NULL);
INSERT INTO "items_pedido" ("id", "pedido_id", "item_id", "producto_id", "cantidad", "precio_lista", "descuento", "deleted_at") VALUES (117, 42, 2, 5, 2, 1727.3, 5, NULL);
INSERT INTO "items_pedido" ("id", "pedido_id", "item_id", "producto_id", "cantidad", "precio_lista", "descuento", "deleted_at") VALUES (118, 42, 3, 7, 4, 1804.29, 20, NULL);
INSERT INTO "items_pedido" ("id", "pedido_id", "item_id", "producto_id", "cantidad", "precio_lista", "descuento", "deleted_at") VALUES (119, 43, 1, 19, 1, 2648.59, 10, NULL);
INSERT INTO "items_pedido" ("id", "pedido_id", "item_id", "producto_id", "cantidad", "precio_lista", "descuento", "deleted_at") VALUES (120, 44, 1, 17, 3, 1583.98, 20, NULL);
INSERT INTO "items_pedido" ("id", "pedido_id", "item_id", "producto_id", "cantidad", "precio_lista", "descuento", "deleted_at") VALUES (121, 44, 2, 18, 4, 710.75, 15, NULL);
INSERT INTO "items_pedido" ("id", "pedido_id", "item_id", "producto_id", "cantidad", "precio_lista", "descuento", "deleted_at") VALUES (122, 44, 3, 1, 3, 421.59, 0, NULL);
INSERT INTO "items_pedido" ("id", "pedido_id", "item_id", "producto_id", "cantidad", "precio_lista", "descuento", "deleted_at") VALUES (123, 44, 4, 47, 4, 1694.01, 5, NULL);
INSERT INTO "items_pedido" ("id", "pedido_id", "item_id", "producto_id", "cantidad", "precio_lista", "descuento", "deleted_at") VALUES (124, 45, 1, 3, 1, 2815.53, 10, NULL);
INSERT INTO "items_pedido" ("id", "pedido_id", "item_id", "producto_id", "cantidad", "precio_lista", "descuento", "deleted_at") VALUES (125, 45, 2, 36, 3, 285.01, 5, NULL);
INSERT INTO "items_pedido" ("id", "pedido_id", "item_id", "producto_id", "cantidad", "precio_lista", "descuento", "deleted_at") VALUES (126, 46, 1, 5, 4, 1727.3, 15, NULL);
INSERT INTO "items_pedido" ("id", "pedido_id", "item_id", "producto_id", "cantidad", "precio_lista", "descuento", "deleted_at") VALUES (127, 46, 2, 31, 1, 1137.11, 0, NULL);
INSERT INTO "items_pedido" ("id", "pedido_id", "item_id", "producto_id", "cantidad", "precio_lista", "descuento", "deleted_at") VALUES (128, 47, 1, 32, 3, 1046.68, 0, NULL);
INSERT INTO "items_pedido" ("id", "pedido_id", "item_id", "producto_id", "cantidad", "precio_lista", "descuento", "deleted_at") VALUES (129, 48, 1, 3, 3, 2815.53, 15, NULL);
INSERT INTO "items_pedido" ("id", "pedido_id", "item_id", "producto_id", "cantidad", "precio_lista", "descuento", "deleted_at") VALUES (130, 48, 2, 32, 1, 1046.68, 10, NULL);
INSERT INTO "items_pedido" ("id", "pedido_id", "item_id", "producto_id", "cantidad", "precio_lista", "descuento", "deleted_at") VALUES (131, 48, 3, 39, 1, 1031.05, 15, NULL);
INSERT INTO "items_pedido" ("id", "pedido_id", "item_id", "producto_id", "cantidad", "precio_lista", "descuento", "deleted_at") VALUES (132, 48, 4, 12, 5, 517.96, 20, NULL);
INSERT INTO "items_pedido" ("id", "pedido_id", "item_id", "producto_id", "cantidad", "precio_lista", "descuento", "deleted_at") VALUES (133, 49, 1, 9, 3, 964.9, 20, NULL);
INSERT INTO "items_pedido" ("id", "pedido_id", "item_id", "producto_id", "cantidad", "precio_lista", "descuento", "deleted_at") VALUES (134, 50, 1, 18, 4, 710.75, 15, NULL);
INSERT INTO "items_pedido" ("id", "pedido_id", "item_id", "producto_id", "cantidad", "precio_lista", "descuento", "deleted_at") VALUES (135, 51, 1, 38, 1, 1494.89, 5, NULL);
INSERT INTO "items_pedido" ("id", "pedido_id", "item_id", "producto_id", "cantidad", "precio_lista", "descuento", "deleted_at") VALUES (136, 51, 2, 10, 2, 204.43, 20, NULL);
INSERT INTO "items_pedido" ("id", "pedido_id", "item_id", "producto_id", "cantidad", "precio_lista", "descuento", "deleted_at") VALUES (137, 52, 1, 22, 3, 2845.51, 15, NULL);
INSERT INTO "items_pedido" ("id", "pedido_id", "item_id", "producto_id", "cantidad", "precio_lista", "descuento", "deleted_at") VALUES (138, 52, 2, 35, 2, 977.59, 0, NULL);
INSERT INTO "items_pedido" ("id", "pedido_id", "item_id", "producto_id", "cantidad", "precio_lista", "descuento", "deleted_at") VALUES (139, 52, 3, 39, 4, 1031.05, 5, NULL);
INSERT INTO "items_pedido" ("id", "pedido_id", "item_id", "producto_id", "cantidad", "precio_lista", "descuento", "deleted_at") VALUES (140, 52, 4, 29, 3, 718.27, 5, NULL);
INSERT INTO "items_pedido" ("id", "pedido_id", "item_id", "producto_id", "cantidad", "precio_lista", "descuento", "deleted_at") VALUES (141, 53, 1, 44, 1, 375.74, 15, NULL);
INSERT INTO "items_pedido" ("id", "pedido_id", "item_id", "producto_id", "cantidad", "precio_lista", "descuento", "deleted_at") VALUES (142, 53, 2, 43, 5, 1925.46, 15, NULL);
INSERT INTO "items_pedido" ("id", "pedido_id", "item_id", "producto_id", "cantidad", "precio_lista", "descuento", "deleted_at") VALUES (143, 53, 3, 22, 2, 2845.51, 10, NULL);
INSERT INTO "items_pedido" ("id", "pedido_id", "item_id", "producto_id", "cantidad", "precio_lista", "descuento", "deleted_at") VALUES (144, 54, 1, 3, 5, 2815.53, 10, NULL);
INSERT INTO "items_pedido" ("id", "pedido_id", "item_id", "producto_id", "cantidad", "precio_lista", "descuento", "deleted_at") VALUES (145, 54, 2, 37, 2, 305.97, 10, NULL);
INSERT INTO "items_pedido" ("id", "pedido_id", "item_id", "producto_id", "cantidad", "precio_lista", "descuento", "deleted_at") VALUES (146, 55, 1, 44, 1, 375.74, 15, NULL);
INSERT INTO "items_pedido" ("id", "pedido_id", "item_id", "producto_id", "cantidad", "precio_lista", "descuento", "deleted_at") VALUES (147, 55, 2, 18, 1, 710.75, 10, NULL);
INSERT INTO "items_pedido" ("id", "pedido_id", "item_id", "producto_id", "cantidad", "precio_lista", "descuento", "deleted_at") VALUES (148, 56, 1, 15, 2, 784.19, 0, NULL);
INSERT INTO "items_pedido" ("id", "pedido_id", "item_id", "producto_id", "cantidad", "precio_lista", "descuento", "deleted_at") VALUES (149, 56, 2, 16, 5, 2022.99, 0, NULL);
INSERT INTO "items_pedido" ("id", "pedido_id", "item_id", "producto_id", "cantidad", "precio_lista", "descuento", "deleted_at") VALUES (150, 56, 3, 43, 4, 1925.46, 15, NULL);
INSERT INTO "items_pedido" ("id", "pedido_id", "item_id", "producto_id", "cantidad", "precio_lista", "descuento", "deleted_at") VALUES (151, 57, 1, 41, 4, 471.3, 5, NULL);
INSERT INTO "items_pedido" ("id", "pedido_id", "item_id", "producto_id", "cantidad", "precio_lista", "descuento", "deleted_at") VALUES (152, 57, 2, 30, 4, 2575.44, 20, NULL);
INSERT INTO "items_pedido" ("id", "pedido_id", "item_id", "producto_id", "cantidad", "precio_lista", "descuento", "deleted_at") VALUES (153, 58, 1, 46, 1, 2313.15, 5, NULL);
INSERT INTO "items_pedido" ("id", "pedido_id", "item_id", "producto_id", "cantidad", "precio_lista", "descuento", "deleted_at") VALUES (154, 58, 2, 47, 2, 1694.01, 10, NULL);
INSERT INTO "items_pedido" ("id", "pedido_id", "item_id", "producto_id", "cantidad", "precio_lista", "descuento", "deleted_at") VALUES (155, 58, 3, 4, 4, 1991.31, 20, NULL);
INSERT INTO "items_pedido" ("id", "pedido_id", "item_id", "producto_id", "cantidad", "precio_lista", "descuento", "deleted_at") VALUES (156, 59, 1, 46, 1, 2313.15, 0, NULL);
INSERT INTO "items_pedido" ("id", "pedido_id", "item_id", "producto_id", "cantidad", "precio_lista", "descuento", "deleted_at") VALUES (157, 59, 2, 34, 5, 2958.77, 15, NULL);
INSERT INTO "items_pedido" ("id", "pedido_id", "item_id", "producto_id", "cantidad", "precio_lista", "descuento", "deleted_at") VALUES (158, 60, 1, 46, 5, 2313.15, 20, NULL);
INSERT INTO "items_pedido" ("id", "pedido_id", "item_id", "producto_id", "cantidad", "precio_lista", "descuento", "deleted_at") VALUES (159, 61, 1, 14, 4, 2824.51, 0, NULL);
INSERT INTO "items_pedido" ("id", "pedido_id", "item_id", "producto_id", "cantidad", "precio_lista", "descuento", "deleted_at") VALUES (160, 62, 1, 33, 3, 405.07, 15, NULL);
INSERT INTO "items_pedido" ("id", "pedido_id", "item_id", "producto_id", "cantidad", "precio_lista", "descuento", "deleted_at") VALUES (161, 62, 2, 16, 3, 2022.99, 5, NULL);
INSERT INTO "items_pedido" ("id", "pedido_id", "item_id", "producto_id", "cantidad", "precio_lista", "descuento", "deleted_at") VALUES (162, 62, 3, 15, 1, 784.19, 0, NULL);
INSERT INTO "items_pedido" ("id", "pedido_id", "item_id", "producto_id", "cantidad", "precio_lista", "descuento", "deleted_at") VALUES (163, 62, 4, 11, 5, 2443.87, 5, NULL);
INSERT INTO "items_pedido" ("id", "pedido_id", "item_id", "producto_id", "cantidad", "precio_lista", "descuento", "deleted_at") VALUES (164, 63, 1, 7, 1, 1804.29, 5, NULL);
INSERT INTO "items_pedido" ("id", "pedido_id", "item_id", "producto_id", "cantidad", "precio_lista", "descuento", "deleted_at") VALUES (165, 63, 2, 42, 4, 1428.39, 15, NULL);
INSERT INTO "items_pedido" ("id", "pedido_id", "item_id", "producto_id", "cantidad", "precio_lista", "descuento", "deleted_at") VALUES (166, 64, 1, 41, 5, 471.3, 10, NULL);
INSERT INTO "items_pedido" ("id", "pedido_id", "item_id", "producto_id", "cantidad", "precio_lista", "descuento", "deleted_at") VALUES (167, 64, 2, 3, 1, 2815.53, 5, NULL);
INSERT INTO "items_pedido" ("id", "pedido_id", "item_id", "producto_id", "cantidad", "precio_lista", "descuento", "deleted_at") VALUES (168, 65, 1, 24, 4, 1139.91, 0, NULL);
INSERT INTO "items_pedido" ("id", "pedido_id", "item_id", "producto_id", "cantidad", "precio_lista", "descuento", "deleted_at") VALUES (169, 66, 1, 25, 5, 2036.8, 15, NULL);
INSERT INTO "items_pedido" ("id", "pedido_id", "item_id", "producto_id", "cantidad", "precio_lista", "descuento", "deleted_at") VALUES (170, 67, 1, 32, 4, 1046.68, 5, NULL);
INSERT INTO "items_pedido" ("id", "pedido_id", "item_id", "producto_id", "cantidad", "precio_lista", "descuento", "deleted_at") VALUES (171, 67, 2, 41, 5, 471.3, 20, NULL);
INSERT INTO "items_pedido" ("id", "pedido_id", "item_id", "producto_id", "cantidad", "precio_lista", "descuento", "deleted_at") VALUES (172, 68, 1, 1, 3, 421.59, 5, NULL);
INSERT INTO "items_pedido" ("id", "pedido_id", "item_id", "producto_id", "cantidad", "precio_lista", "descuento", "deleted_at") VALUES (173, 68, 2, 23, 3, 398.6, 15, NULL);
INSERT INTO "items_pedido" ("id", "pedido_id", "item_id", "producto_id", "cantidad", "precio_lista", "descuento", "deleted_at") VALUES (174, 68, 3, 4, 2, 1991.31, 20, NULL);
INSERT INTO "items_pedido" ("id", "pedido_id", "item_id", "producto_id", "cantidad", "precio_lista", "descuento", "deleted_at") VALUES (175, 68, 4, 34, 2, 2958.77, 15, NULL);
INSERT INTO "items_pedido" ("id", "pedido_id", "item_id", "producto_id", "cantidad", "precio_lista", "descuento", "deleted_at") VALUES (176, 69, 1, 14, 3, 2824.51, 5, NULL);
INSERT INTO "items_pedido" ("id", "pedido_id", "item_id", "producto_id", "cantidad", "precio_lista", "descuento", "deleted_at") VALUES (177, 69, 2, 9, 3, 964.9, 5, NULL);
INSERT INTO "items_pedido" ("id", "pedido_id", "item_id", "producto_id", "cantidad", "precio_lista", "descuento", "deleted_at") VALUES (178, 69, 3, 19, 5, 2648.59, 10, NULL);
INSERT INTO "items_pedido" ("id", "pedido_id", "item_id", "producto_id", "cantidad", "precio_lista", "descuento", "deleted_at") VALUES (179, 69, 4, 10, 3, 204.43, 10, NULL);
INSERT INTO "items_pedido" ("id", "pedido_id", "item_id", "producto_id", "cantidad", "precio_lista", "descuento", "deleted_at") VALUES (180, 70, 1, 18, 4, 710.75, 10, NULL);
INSERT INTO "items_pedido" ("id", "pedido_id", "item_id", "producto_id", "cantidad", "precio_lista", "descuento", "deleted_at") VALUES (181, 70, 2, 12, 3, 517.96, 0, NULL);
INSERT INTO "items_pedido" ("id", "pedido_id", "item_id", "producto_id", "cantidad", "precio_lista", "descuento", "deleted_at") VALUES (182, 70, 3, 13, 1, 258.65, 5, NULL);
INSERT INTO "items_pedido" ("id", "pedido_id", "item_id", "producto_id", "cantidad", "precio_lista", "descuento", "deleted_at") VALUES (183, 70, 4, 25, 3, 2036.8, 0, NULL);
INSERT INTO "items_pedido" ("id", "pedido_id", "item_id", "producto_id", "cantidad", "precio_lista", "descuento", "deleted_at") VALUES (184, 71, 1, 14, 4, 2824.51, 20, NULL);
INSERT INTO "items_pedido" ("id", "pedido_id", "item_id", "producto_id", "cantidad", "precio_lista", "descuento", "deleted_at") VALUES (185, 71, 2, 43, 5, 1925.46, 15, NULL);
INSERT INTO "items_pedido" ("id", "pedido_id", "item_id", "producto_id", "cantidad", "precio_lista", "descuento", "deleted_at") VALUES (186, 71, 3, 48, 3, 429.2, 0, NULL);
INSERT INTO "items_pedido" ("id", "pedido_id", "item_id", "producto_id", "cantidad", "precio_lista", "descuento", "deleted_at") VALUES (187, 71, 4, 47, 3, 1694.01, 10, NULL);
INSERT INTO "items_pedido" ("id", "pedido_id", "item_id", "producto_id", "cantidad", "precio_lista", "descuento", "deleted_at") VALUES (188, 72, 1, 6, 3, 338.42, 5, NULL);
INSERT INTO "items_pedido" ("id", "pedido_id", "item_id", "producto_id", "cantidad", "precio_lista", "descuento", "deleted_at") VALUES (189, 72, 2, 19, 5, 2648.59, 20, NULL);
INSERT INTO "items_pedido" ("id", "pedido_id", "item_id", "producto_id", "cantidad", "precio_lista", "descuento", "deleted_at") VALUES (190, 72, 3, 45, 4, 2935.56, 0, NULL);
INSERT INTO "items_pedido" ("id", "pedido_id", "item_id", "producto_id", "cantidad", "precio_lista", "descuento", "deleted_at") VALUES (191, 72, 4, 12, 4, 517.96, 0, NULL);
INSERT INTO "items_pedido" ("id", "pedido_id", "item_id", "producto_id", "cantidad", "precio_lista", "descuento", "deleted_at") VALUES (192, 73, 1, 40, 3, 1825.42, 15, NULL);
INSERT INTO "items_pedido" ("id", "pedido_id", "item_id", "producto_id", "cantidad", "precio_lista", "descuento", "deleted_at") VALUES (193, 74, 1, 47, 1, 1694.01, 5, NULL);
INSERT INTO "items_pedido" ("id", "pedido_id", "item_id", "producto_id", "cantidad", "precio_lista", "descuento", "deleted_at") VALUES (194, 74, 2, 1, 2, 421.59, 15, NULL);
INSERT INTO "items_pedido" ("id", "pedido_id", "item_id", "producto_id", "cantidad", "precio_lista", "descuento", "deleted_at") VALUES (195, 74, 3, 9, 5, 964.9, 5, NULL);
INSERT INTO "items_pedido" ("id", "pedido_id", "item_id", "producto_id", "cantidad", "precio_lista", "descuento", "deleted_at") VALUES (196, 74, 4, 27, 4, 1584.09, 20, NULL);
INSERT INTO "items_pedido" ("id", "pedido_id", "item_id", "producto_id", "cantidad", "precio_lista", "descuento", "deleted_at") VALUES (197, 75, 1, 17, 5, 1583.98, 15, NULL);
INSERT INTO "items_pedido" ("id", "pedido_id", "item_id", "producto_id", "cantidad", "precio_lista", "descuento", "deleted_at") VALUES (198, 75, 2, 16, 5, 2022.99, 5, NULL);
INSERT INTO "items_pedido" ("id", "pedido_id", "item_id", "producto_id", "cantidad", "precio_lista", "descuento", "deleted_at") VALUES (199, 75, 3, 43, 1, 1925.46, 10, NULL);
INSERT INTO "items_pedido" ("id", "pedido_id", "item_id", "producto_id", "cantidad", "precio_lista", "descuento", "deleted_at") VALUES (200, 75, 4, 8, 4, 2764.14, 5, NULL);
INSERT INTO "items_pedido" ("id", "pedido_id", "item_id", "producto_id", "cantidad", "precio_lista", "descuento", "deleted_at") VALUES (201, 76, 1, 44, 3, 375.74, 0, NULL);
INSERT INTO "items_pedido" ("id", "pedido_id", "item_id", "producto_id", "cantidad", "precio_lista", "descuento", "deleted_at") VALUES (202, 76, 2, 47, 5, 1694.01, 0, NULL);
INSERT INTO "items_pedido" ("id", "pedido_id", "item_id", "producto_id", "cantidad", "precio_lista", "descuento", "deleted_at") VALUES (203, 76, 3, 46, 1, 2313.15, 20, NULL);
INSERT INTO "items_pedido" ("id", "pedido_id", "item_id", "producto_id", "cantidad", "precio_lista", "descuento", "deleted_at") VALUES (204, 77, 1, 46, 5, 2313.15, 5, NULL);
INSERT INTO "items_pedido" ("id", "pedido_id", "item_id", "producto_id", "cantidad", "precio_lista", "descuento", "deleted_at") VALUES (205, 77, 2, 33, 4, 405.07, 15, NULL);
INSERT INTO "items_pedido" ("id", "pedido_id", "item_id", "producto_id", "cantidad", "precio_lista", "descuento", "deleted_at") VALUES (206, 78, 1, 17, 2, 1583.98, 0, NULL);
INSERT INTO "items_pedido" ("id", "pedido_id", "item_id", "producto_id", "cantidad", "precio_lista", "descuento", "deleted_at") VALUES (207, 78, 2, 40, 4, 1825.42, 0, NULL);
INSERT INTO "items_pedido" ("id", "pedido_id", "item_id", "producto_id", "cantidad", "precio_lista", "descuento", "deleted_at") VALUES (208, 79, 1, 14, 2, 2824.51, 5, NULL);
INSERT INTO "items_pedido" ("id", "pedido_id", "item_id", "producto_id", "cantidad", "precio_lista", "descuento", "deleted_at") VALUES (209, 79, 2, 36, 5, 285.01, 5, NULL);
INSERT INTO "items_pedido" ("id", "pedido_id", "item_id", "producto_id", "cantidad", "precio_lista", "descuento", "deleted_at") VALUES (210, 80, 1, 14, 4, 2824.51, 5, NULL);
INSERT INTO "items_pedido" ("id", "pedido_id", "item_id", "producto_id", "cantidad", "precio_lista", "descuento", "deleted_at") VALUES (211, 81, 1, 34, 5, 2958.77, 10, NULL);
INSERT INTO "items_pedido" ("id", "pedido_id", "item_id", "producto_id", "cantidad", "precio_lista", "descuento", "deleted_at") VALUES (212, 81, 2, 42, 1, 1428.39, 20, NULL);
INSERT INTO "items_pedido" ("id", "pedido_id", "item_id", "producto_id", "cantidad", "precio_lista", "descuento", "deleted_at") VALUES (213, 81, 3, 15, 4, 784.19, 15, NULL);
INSERT INTO "items_pedido" ("id", "pedido_id", "item_id", "producto_id", "cantidad", "precio_lista", "descuento", "deleted_at") VALUES (214, 81, 4, 17, 2, 1583.98, 15, NULL);
INSERT INTO "items_pedido" ("id", "pedido_id", "item_id", "producto_id", "cantidad", "precio_lista", "descuento", "deleted_at") VALUES (215, 82, 1, 14, 1, 2824.51, 5, NULL);
INSERT INTO "items_pedido" ("id", "pedido_id", "item_id", "producto_id", "cantidad", "precio_lista", "descuento", "deleted_at") VALUES (216, 82, 2, 42, 3, 1428.39, 20, NULL);
INSERT INTO "items_pedido" ("id", "pedido_id", "item_id", "producto_id", "cantidad", "precio_lista", "descuento", "deleted_at") VALUES (217, 82, 3, 7, 5, 1804.29, 15, NULL);
INSERT INTO "items_pedido" ("id", "pedido_id", "item_id", "producto_id", "cantidad", "precio_lista", "descuento", "deleted_at") VALUES (218, 83, 1, 8, 4, 2764.14, 15, NULL);
INSERT INTO "items_pedido" ("id", "pedido_id", "item_id", "producto_id", "cantidad", "precio_lista", "descuento", "deleted_at") VALUES (219, 83, 2, 3, 3, 2815.53, 15, NULL);
INSERT INTO "items_pedido" ("id", "pedido_id", "item_id", "producto_id", "cantidad", "precio_lista", "descuento", "deleted_at") VALUES (220, 83, 3, 32, 4, 1046.68, 15, NULL);
INSERT INTO "items_pedido" ("id", "pedido_id", "item_id", "producto_id", "cantidad", "precio_lista", "descuento", "deleted_at") VALUES (221, 84, 1, 3, 2, 2815.53, 15, NULL);
INSERT INTO "items_pedido" ("id", "pedido_id", "item_id", "producto_id", "cantidad", "precio_lista", "descuento", "deleted_at") VALUES (222, 85, 1, 2, 3, 1199.28, 5, NULL);
INSERT INTO "items_pedido" ("id", "pedido_id", "item_id", "producto_id", "cantidad", "precio_lista", "descuento", "deleted_at") VALUES (223, 86, 1, 28, 5, 288.4, 5, NULL);
INSERT INTO "items_pedido" ("id", "pedido_id", "item_id", "producto_id", "cantidad", "precio_lista", "descuento", "deleted_at") VALUES (224, 86, 2, 32, 4, 1046.68, 0, NULL);
INSERT INTO "items_pedido" ("id", "pedido_id", "item_id", "producto_id", "cantidad", "precio_lista", "descuento", "deleted_at") VALUES (225, 86, 3, 26, 1, 2982.79, 5, NULL);
INSERT INTO "items_pedido" ("id", "pedido_id", "item_id", "producto_id", "cantidad", "precio_lista", "descuento", "deleted_at") VALUES (226, 87, 1, 30, 3, 2575.44, 5, NULL);
INSERT INTO "items_pedido" ("id", "pedido_id", "item_id", "producto_id", "cantidad", "precio_lista", "descuento", "deleted_at") VALUES (227, 87, 2, 33, 5, 405.07, 15, NULL);
INSERT INTO "items_pedido" ("id", "pedido_id", "item_id", "producto_id", "cantidad", "precio_lista", "descuento", "deleted_at") VALUES (228, 88, 1, 39, 1, 1031.05, 20, NULL);
INSERT INTO "items_pedido" ("id", "pedido_id", "item_id", "producto_id", "cantidad", "precio_lista", "descuento", "deleted_at") VALUES (229, 88, 2, 42, 5, 1428.39, 10, NULL);
INSERT INTO "items_pedido" ("id", "pedido_id", "item_id", "producto_id", "cantidad", "precio_lista", "descuento", "deleted_at") VALUES (230, 88, 3, 38, 4, 1494.89, 15, NULL);
INSERT INTO "items_pedido" ("id", "pedido_id", "item_id", "producto_id", "cantidad", "precio_lista", "descuento", "deleted_at") VALUES (231, 88, 4, 13, 2, 258.65, 0, NULL);
INSERT INTO "items_pedido" ("id", "pedido_id", "item_id", "producto_id", "cantidad", "precio_lista", "descuento", "deleted_at") VALUES (232, 89, 1, 9, 3, 964.9, 20, NULL);
INSERT INTO "items_pedido" ("id", "pedido_id", "item_id", "producto_id", "cantidad", "precio_lista", "descuento", "deleted_at") VALUES (233, 90, 1, 7, 3, 1804.29, 5, NULL);
INSERT INTO "items_pedido" ("id", "pedido_id", "item_id", "producto_id", "cantidad", "precio_lista", "descuento", "deleted_at") VALUES (234, 90, 2, 40, 4, 1825.42, 15, NULL);
INSERT INTO "items_pedido" ("id", "pedido_id", "item_id", "producto_id", "cantidad", "precio_lista", "descuento", "deleted_at") VALUES (235, 91, 1, 9, 5, 964.9, 20, NULL);
INSERT INTO "items_pedido" ("id", "pedido_id", "item_id", "producto_id", "cantidad", "precio_lista", "descuento", "deleted_at") VALUES (236, 91, 2, 25, 2, 2036.8, 15, NULL);
INSERT INTO "items_pedido" ("id", "pedido_id", "item_id", "producto_id", "cantidad", "precio_lista", "descuento", "deleted_at") VALUES (237, 91, 3, 20, 1, 1218.59, 15, NULL);
INSERT INTO "items_pedido" ("id", "pedido_id", "item_id", "producto_id", "cantidad", "precio_lista", "descuento", "deleted_at") VALUES (238, 91, 4, 8, 4, 2764.14, 0, NULL);
INSERT INTO "items_pedido" ("id", "pedido_id", "item_id", "producto_id", "cantidad", "precio_lista", "descuento", "deleted_at") VALUES (239, 92, 1, 45, 4, 2935.56, 10, NULL);
INSERT INTO "items_pedido" ("id", "pedido_id", "item_id", "producto_id", "cantidad", "precio_lista", "descuento", "deleted_at") VALUES (240, 93, 1, 23, 3, 398.6, 15, NULL);
INSERT INTO "items_pedido" ("id", "pedido_id", "item_id", "producto_id", "cantidad", "precio_lista", "descuento", "deleted_at") VALUES (241, 93, 2, 40, 4, 1825.42, 15, NULL);
INSERT INTO "items_pedido" ("id", "pedido_id", "item_id", "producto_id", "cantidad", "precio_lista", "descuento", "deleted_at") VALUES (242, 93, 3, 12, 1, 517.96, 0, NULL);
INSERT INTO "items_pedido" ("id", "pedido_id", "item_id", "producto_id", "cantidad", "precio_lista", "descuento", "deleted_at") VALUES (243, 93, 4, 15, 3, 784.19, 5, NULL);
INSERT INTO "items_pedido" ("id", "pedido_id", "item_id", "producto_id", "cantidad", "precio_lista", "descuento", "deleted_at") VALUES (244, 94, 1, 16, 1, 2022.99, 5, NULL);
INSERT INTO "items_pedido" ("id", "pedido_id", "item_id", "producto_id", "cantidad", "precio_lista", "descuento", "deleted_at") VALUES (245, 94, 2, 8, 2, 2764.14, 0, NULL);
INSERT INTO "items_pedido" ("id", "pedido_id", "item_id", "producto_id", "cantidad", "precio_lista", "descuento", "deleted_at") VALUES (246, 95, 1, 43, 5, 1925.46, 0, NULL);
INSERT INTO "items_pedido" ("id", "pedido_id", "item_id", "producto_id", "cantidad", "precio_lista", "descuento", "deleted_at") VALUES (247, 95, 2, 17, 1, 1583.98, 15, NULL);
INSERT INTO "items_pedido" ("id", "pedido_id", "item_id", "producto_id", "cantidad", "precio_lista", "descuento", "deleted_at") VALUES (248, 96, 1, 5, 1, 1727.3, 20, NULL);
INSERT INTO "items_pedido" ("id", "pedido_id", "item_id", "producto_id", "cantidad", "precio_lista", "descuento", "deleted_at") VALUES (249, 96, 2, 4, 5, 1991.31, 15, NULL);
INSERT INTO "items_pedido" ("id", "pedido_id", "item_id", "producto_id", "cantidad", "precio_lista", "descuento", "deleted_at") VALUES (250, 97, 1, 30, 5, 2575.44, 20, NULL);
INSERT INTO "items_pedido" ("id", "pedido_id", "item_id", "producto_id", "cantidad", "precio_lista", "descuento", "deleted_at") VALUES (251, 97, 2, 28, 3, 288.4, 0, NULL);
INSERT INTO "items_pedido" ("id", "pedido_id", "item_id", "producto_id", "cantidad", "precio_lista", "descuento", "deleted_at") VALUES (252, 97, 3, 47, 2, 1694.01, 20, NULL);
INSERT INTO "items_pedido" ("id", "pedido_id", "item_id", "producto_id", "cantidad", "precio_lista", "descuento", "deleted_at") VALUES (253, 98, 1, 9, 3, 964.9, 10, NULL);
INSERT INTO "items_pedido" ("id", "pedido_id", "item_id", "producto_id", "cantidad", "precio_lista", "descuento", "deleted_at") VALUES (254, 99, 1, 48, 5, 429.2, 20, NULL);
INSERT INTO "items_pedido" ("id", "pedido_id", "item_id", "producto_id", "cantidad", "precio_lista", "descuento", "deleted_at") VALUES (255, 99, 2, 18, 5, 710.75, 0, NULL);
INSERT INTO "items_pedido" ("id", "pedido_id", "item_id", "producto_id", "cantidad", "precio_lista", "descuento", "deleted_at") VALUES (256, 99, 3, 6, 2, 338.42, 0, NULL);
INSERT INTO "items_pedido" ("id", "pedido_id", "item_id", "producto_id", "cantidad", "precio_lista", "descuento", "deleted_at") VALUES (257, 100, 1, 32, 3, 1046.68, 0, NULL);
INSERT INTO "items_pedido" ("id", "pedido_id", "item_id", "producto_id", "cantidad", "precio_lista", "descuento", "deleted_at") VALUES (258, 100, 2, 11, 2, 2443.87, 0, NULL);
INSERT INTO "items_pedido" ("id", "pedido_id", "item_id", "producto_id", "cantidad", "precio_lista", "descuento", "deleted_at") VALUES (259, 101, 1, 34, 1, 2958.77, 10, NULL);
INSERT INTO "items_pedido" ("id", "pedido_id", "item_id", "producto_id", "cantidad", "precio_lista", "descuento", "deleted_at") VALUES (260, 102, 1, 48, 4, 429.2, 10, NULL);
INSERT INTO "items_pedido" ("id", "pedido_id", "item_id", "producto_id", "cantidad", "precio_lista", "descuento", "deleted_at") VALUES (261, 102, 2, 43, 5, 1925.46, 10, NULL);
INSERT INTO "items_pedido" ("id", "pedido_id", "item_id", "producto_id", "cantidad", "precio_lista", "descuento", "deleted_at") VALUES (262, 102, 3, 8, 4, 2764.14, 20, NULL);
INSERT INTO "items_pedido" ("id", "pedido_id", "item_id", "producto_id", "cantidad", "precio_lista", "descuento", "deleted_at") VALUES (263, 103, 1, 44, 5, 375.74, 10, NULL);
INSERT INTO "items_pedido" ("id", "pedido_id", "item_id", "producto_id", "cantidad", "precio_lista", "descuento", "deleted_at") VALUES (264, 104, 1, 23, 1, 398.6, 5, NULL);
INSERT INTO "items_pedido" ("id", "pedido_id", "item_id", "producto_id", "cantidad", "precio_lista", "descuento", "deleted_at") VALUES (265, 104, 2, 30, 2, 2575.44, 0, NULL);
INSERT INTO "items_pedido" ("id", "pedido_id", "item_id", "producto_id", "cantidad", "precio_lista", "descuento", "deleted_at") VALUES (266, 104, 3, 45, 2, 2935.56, 10, NULL);
INSERT INTO "items_pedido" ("id", "pedido_id", "item_id", "producto_id", "cantidad", "precio_lista", "descuento", "deleted_at") VALUES (267, 105, 1, 38, 5, 1494.89, 15, NULL);
INSERT INTO "items_pedido" ("id", "pedido_id", "item_id", "producto_id", "cantidad", "precio_lista", "descuento", "deleted_at") VALUES (268, 105, 2, 29, 1, 718.27, 15, NULL);
INSERT INTO "items_pedido" ("id", "pedido_id", "item_id", "producto_id", "cantidad", "precio_lista", "descuento", "deleted_at") VALUES (269, 105, 3, 32, 3, 1046.68, 5, NULL);
INSERT INTO "items_pedido" ("id", "pedido_id", "item_id", "producto_id", "cantidad", "precio_lista", "descuento", "deleted_at") VALUES (270, 106, 1, 48, 4, 429.2, 5, NULL);
INSERT INTO "items_pedido" ("id", "pedido_id", "item_id", "producto_id", "cantidad", "precio_lista", "descuento", "deleted_at") VALUES (271, 107, 1, 33, 5, 405.07, 0, NULL);
INSERT INTO "items_pedido" ("id", "pedido_id", "item_id", "producto_id", "cantidad", "precio_lista", "descuento", "deleted_at") VALUES (272, 107, 2, 23, 3, 398.6, 15, NULL);
INSERT INTO "items_pedido" ("id", "pedido_id", "item_id", "producto_id", "cantidad", "precio_lista", "descuento", "deleted_at") VALUES (273, 107, 3, 28, 5, 288.4, 10, NULL);
INSERT INTO "items_pedido" ("id", "pedido_id", "item_id", "producto_id", "cantidad", "precio_lista", "descuento", "deleted_at") VALUES (274, 108, 1, 36, 2, 285.01, 15, NULL);
INSERT INTO "items_pedido" ("id", "pedido_id", "item_id", "producto_id", "cantidad", "precio_lista", "descuento", "deleted_at") VALUES (275, 108, 2, 39, 3, 1031.05, 15, NULL);
INSERT INTO "items_pedido" ("id", "pedido_id", "item_id", "producto_id", "cantidad", "precio_lista", "descuento", "deleted_at") VALUES (276, 109, 1, 36, 2, 285.01, 0, NULL);
INSERT INTO "items_pedido" ("id", "pedido_id", "item_id", "producto_id", "cantidad", "precio_lista", "descuento", "deleted_at") VALUES (277, 110, 1, 19, 5, 2648.59, 15, NULL);
INSERT INTO "items_pedido" ("id", "pedido_id", "item_id", "producto_id", "cantidad", "precio_lista", "descuento", "deleted_at") VALUES (278, 111, 1, 15, 1, 784.19, 5, NULL);
INSERT INTO "items_pedido" ("id", "pedido_id", "item_id", "producto_id", "cantidad", "precio_lista", "descuento", "deleted_at") VALUES (279, 111, 2, 18, 2, 710.75, 10, NULL);
INSERT INTO "items_pedido" ("id", "pedido_id", "item_id", "producto_id", "cantidad", "precio_lista", "descuento", "deleted_at") VALUES (280, 112, 1, 7, 4, 1804.29, 15, NULL);
INSERT INTO "items_pedido" ("id", "pedido_id", "item_id", "producto_id", "cantidad", "precio_lista", "descuento", "deleted_at") VALUES (281, 113, 1, 46, 5, 2313.15, 15, NULL);
INSERT INTO "items_pedido" ("id", "pedido_id", "item_id", "producto_id", "cantidad", "precio_lista", "descuento", "deleted_at") VALUES (282, 113, 2, 4, 2, 1991.31, 20, NULL);
INSERT INTO "items_pedido" ("id", "pedido_id", "item_id", "producto_id", "cantidad", "precio_lista", "descuento", "deleted_at") VALUES (283, 113, 3, 37, 5, 305.97, 20, NULL);
INSERT INTO "items_pedido" ("id", "pedido_id", "item_id", "producto_id", "cantidad", "precio_lista", "descuento", "deleted_at") VALUES (284, 113, 4, 8, 1, 2764.14, 20, NULL);
INSERT INTO "items_pedido" ("id", "pedido_id", "item_id", "producto_id", "cantidad", "precio_lista", "descuento", "deleted_at") VALUES (285, 114, 1, 41, 3, 471.3, 15, NULL);
INSERT INTO "items_pedido" ("id", "pedido_id", "item_id", "producto_id", "cantidad", "precio_lista", "descuento", "deleted_at") VALUES (286, 114, 2, 23, 2, 398.6, 5, NULL);
INSERT INTO "items_pedido" ("id", "pedido_id", "item_id", "producto_id", "cantidad", "precio_lista", "descuento", "deleted_at") VALUES (287, 115, 1, 30, 3, 2575.44, 0, NULL);
INSERT INTO "items_pedido" ("id", "pedido_id", "item_id", "producto_id", "cantidad", "precio_lista", "descuento", "deleted_at") VALUES (288, 115, 2, 27, 3, 1584.09, 0, NULL);
INSERT INTO "items_pedido" ("id", "pedido_id", "item_id", "producto_id", "cantidad", "precio_lista", "descuento", "deleted_at") VALUES (289, 115, 3, 29, 5, 718.27, 10, NULL);
INSERT INTO "items_pedido" ("id", "pedido_id", "item_id", "producto_id", "cantidad", "precio_lista", "descuento", "deleted_at") VALUES (290, 116, 1, 16, 5, 2022.99, 5, NULL);
INSERT INTO "items_pedido" ("id", "pedido_id", "item_id", "producto_id", "cantidad", "precio_lista", "descuento", "deleted_at") VALUES (291, 116, 2, 23, 3, 398.6, 15, NULL);
INSERT INTO "items_pedido" ("id", "pedido_id", "item_id", "producto_id", "cantidad", "precio_lista", "descuento", "deleted_at") VALUES (292, 116, 3, 15, 1, 784.19, 0, NULL);
INSERT INTO "items_pedido" ("id", "pedido_id", "item_id", "producto_id", "cantidad", "precio_lista", "descuento", "deleted_at") VALUES (293, 117, 1, 2, 4, 1199.28, 0, NULL);
INSERT INTO "items_pedido" ("id", "pedido_id", "item_id", "producto_id", "cantidad", "precio_lista", "descuento", "deleted_at") VALUES (294, 117, 2, 3, 2, 2815.53, 10, NULL);
INSERT INTO "items_pedido" ("id", "pedido_id", "item_id", "producto_id", "cantidad", "precio_lista", "descuento", "deleted_at") VALUES (295, 117, 3, 18, 3, 710.75, 0, NULL);
INSERT INTO "items_pedido" ("id", "pedido_id", "item_id", "producto_id", "cantidad", "precio_lista", "descuento", "deleted_at") VALUES (296, 118, 1, 4, 4, 1991.31, 15, NULL);
INSERT INTO "items_pedido" ("id", "pedido_id", "item_id", "producto_id", "cantidad", "precio_lista", "descuento", "deleted_at") VALUES (297, 118, 2, 26, 2, 2982.79, 20, NULL);
INSERT INTO "items_pedido" ("id", "pedido_id", "item_id", "producto_id", "cantidad", "precio_lista", "descuento", "deleted_at") VALUES (298, 118, 3, 5, 4, 1727.3, 0, NULL);
INSERT INTO "items_pedido" ("id", "pedido_id", "item_id", "producto_id", "cantidad", "precio_lista", "descuento", "deleted_at") VALUES (299, 118, 4, 48, 4, 429.2, 20, NULL);
INSERT INTO "items_pedido" ("id", "pedido_id", "item_id", "producto_id", "cantidad", "precio_lista", "descuento", "deleted_at") VALUES (300, 119, 1, 14, 1, 2824.51, 20, NULL);
INSERT INTO "items_pedido" ("id", "pedido_id", "item_id", "producto_id", "cantidad", "precio_lista", "descuento", "deleted_at") VALUES (301, 120, 1, 47, 3, 1694.01, 10, NULL);
INSERT INTO "items_pedido" ("id", "pedido_id", "item_id", "producto_id", "cantidad", "precio_lista", "descuento", "deleted_at") VALUES (302, 120, 2, 37, 1, 305.97, 20, NULL);
INSERT INTO "items_pedido" ("id", "pedido_id", "item_id", "producto_id", "cantidad", "precio_lista", "descuento", "deleted_at") VALUES (303, 121, 1, 22, 2, 2845.51, 10, NULL);
INSERT INTO "items_pedido" ("id", "pedido_id", "item_id", "producto_id", "cantidad", "precio_lista", "descuento", "deleted_at") VALUES (304, 121, 2, 21, 1, 2139.34, 0, NULL);
INSERT INTO "items_pedido" ("id", "pedido_id", "item_id", "producto_id", "cantidad", "precio_lista", "descuento", "deleted_at") VALUES (305, 121, 3, 5, 2, 1727.3, 20, NULL);
INSERT INTO "items_pedido" ("id", "pedido_id", "item_id", "producto_id", "cantidad", "precio_lista", "descuento", "deleted_at") VALUES (306, 122, 1, 46, 2, 2313.15, 10, NULL);
INSERT INTO "items_pedido" ("id", "pedido_id", "item_id", "producto_id", "cantidad", "precio_lista", "descuento", "deleted_at") VALUES (307, 122, 2, 37, 5, 305.97, 20, NULL);
INSERT INTO "items_pedido" ("id", "pedido_id", "item_id", "producto_id", "cantidad", "precio_lista", "descuento", "deleted_at") VALUES (308, 122, 3, 36, 2, 285.01, 20, NULL);
INSERT INTO "items_pedido" ("id", "pedido_id", "item_id", "producto_id", "cantidad", "precio_lista", "descuento", "deleted_at") VALUES (309, 122, 4, 16, 5, 2022.99, 10, NULL);
INSERT INTO "items_pedido" ("id", "pedido_id", "item_id", "producto_id", "cantidad", "precio_lista", "descuento", "deleted_at") VALUES (310, 123, 1, 46, 3, 2313.15, 0, NULL);
INSERT INTO "items_pedido" ("id", "pedido_id", "item_id", "producto_id", "cantidad", "precio_lista", "descuento", "deleted_at") VALUES (311, 123, 2, 22, 2, 2845.51, 5, NULL);
INSERT INTO "items_pedido" ("id", "pedido_id", "item_id", "producto_id", "cantidad", "precio_lista", "descuento", "deleted_at") VALUES (312, 123, 3, 19, 3, 2648.59, 20, NULL);
INSERT INTO "items_pedido" ("id", "pedido_id", "item_id", "producto_id", "cantidad", "precio_lista", "descuento", "deleted_at") VALUES (313, 123, 4, 41, 1, 471.3, 15, NULL);
INSERT INTO "items_pedido" ("id", "pedido_id", "item_id", "producto_id", "cantidad", "precio_lista", "descuento", "deleted_at") VALUES (314, 124, 1, 13, 3, 258.65, 15, NULL);
INSERT INTO "items_pedido" ("id", "pedido_id", "item_id", "producto_id", "cantidad", "precio_lista", "descuento", "deleted_at") VALUES (315, 125, 1, 7, 3, 1804.29, 10, NULL);
INSERT INTO "items_pedido" ("id", "pedido_id", "item_id", "producto_id", "cantidad", "precio_lista", "descuento", "deleted_at") VALUES (316, 125, 2, 41, 4, 471.3, 5, NULL);

DROP TABLE IF EXISTS "Cotizacion";
CREATE TABLE "Cotizacion" ("ID_cotizacion" integer primary key autoincrement not null, "FechaCotizacion" date not null, "Vencimiento" date, "ID_Empleado" integer not null, "IDCliente" integer not null, "ID_Producto" integer not null, "created_at" datetime, "updated_at" datetime, foreign key("ID_Empleado") references "usuarios"("id"), foreign key("IDCliente") references "usuarios"("id"), foreign key("ID_Producto") references "productos"("id"));


COMMIT;
PRAGMA foreign_keys=ON;
